algorithm,dataset,budget,trial,best_accuracy,best_fitness,n_queries,elapsed_s,is_real_data
Random,cifar10,50,15,65.0134,34.9866,49,0.001,False
Random,cifar10,50,1,69.9166,30.0834,50,0.001,False
Random,cifar10,50,59,69.9651,30.0349,50,0.001,False
RE,cifar10,50,0,65.1316,34.8684,50,0.001,False
RE,cifar10,50,1,69.9166,30.0834,50,0.001,False
RE,cifar10,50,2,69.9925,30.0075,50,0.001,False
RE,cifar10,50,3,65.0685,34.9315,50,0.001,False
RE,cifar10,50,4,70.033,29.967,50,0.001,False
Random,cifar10,50,18,70.0933,29.9067,50,0.001,False
RE,cifar10,50,6,70.0285,29.9715,50,0.001,False
Random,cifar10,50,14,70.1027,29.8973,50,0.001,False
RE,cifar10,50,5,65.0538,34.9462,50,0.001,False
Random,cifar10,50,74,69.9574,30.0426,50,0.004,False
RE,cifar10,50,7,70.0697,29.9303,50,0.001,False
RE,cifar10,50,9,70.025,29.975,50,0.001,False
Random,cifar10,50,6,70.0285,29.9715,50,0.001,False
RE,cifar10,50,13,69.9609,30.0391,50,0.001,False
Random,cifar10,50,60,65.0493,34.9507,50,0.001,False
RE,cifar10,50,8,70.0345,29.9655,50,0.001,False
RE,cifar10,50,14,70.1027,29.8973,50,0.001,False
Random,cifar10,50,31,69.9918,30.0082,50,0.001,False
Random,cifar10,50,54,69.9916,30.0084,50,0.001,False
RE,cifar10,50,12,70.0687,29.9313,50,0.005,False
RE,cifar10,50,11,65.0268,34.9732,50,0.001,False
RE,cifar10,50,16,69.998,30.002,50,0.001,False
RE,cifar10,50,19,65.0366,34.9634,50,0.001,False
RE,cifar10,50,24,74.9734,25.0266,50,0.001,False
RE,cifar10,50,17,65.0411,34.9589,50,0.001,False
Random,cifar10,50,46,70.0458,29.9542,50,0.007,False
RE,cifar10,50,25,65.0142,34.9858,50,0.001,False
RE,cifar10,50,18,70.0933,29.9067,50,0.001,False
Random,cifar10,50,37,70.1576,29.8424,50,0.001,False
RE,cifar10,50,21,60.0567,39.9433,50,0.001,False
RE,cifar10,50,22,65.0563,34.9437,50,0.001,False
RE,cifar10,50,23,69.9793,30.0207,50,0.001,False
RE,cifar10,50,10,70.0687,29.9313,50,0.001,False
RE,cifar10,50,26,69.9418,30.0582,50,0.001,False
Random,cifar10,50,13,69.9609,30.0391,50,0.001,False
Random,cifar10,50,50,70.0758,29.9242,50,0.001,False
RE,cifar10,50,15,65.0134,34.9866,50,0.001,False
Random,cifar10,50,51,65.0342,34.9658,49,0.011,False
RE,cifar10,50,20,69.9954,30.0046,50,0.001,False
RE,cifar10,50,29,65.0628,34.9372,50,0.001,False
Random,cifar10,50,26,69.9418,30.0582,50,0.001,False
RE,cifar10,50,36,65.0885,34.9115,50,0.039,False
RE,cifar10,50,27,80.0663,19.9337,50,0.001,False
Random,cifar10,50,11,65.0268,34.9732,50,0.001,False
Random,cifar10,50,57,65.0666,34.9334,50,0.001,False
RE,cifar10,50,30,74.9839,25.0161,50,0.005,False
RE,cifar10,50,32,70.0431,29.9569,50,0.001,False
Random,cifar10,50,68,70.1049,29.8951,50,0.043,False
Random,cifar10,50,47,75.0015,24.9985,50,0.001,False
RE,cifar10,50,34,65.0304,34.9696,50,0.001,False
RE,cifar10,50,33,64.9588,35.0412,50,0.001,False
RE,cifar10,50,42,65.0123,34.9877,50,0.001,False
Random,cifar10,50,2,69.9925,30.0075,50,0.001,False
Random,cifar10,50,4,70.033,29.967,50,0.001,False
RE,cifar10,50,44,70.0004,29.9996,50,0.001,False
RE,cifar10,50,38,74.9332,25.0668,50,0.001,False
Random,cifar10,50,73,65.0678,34.9322,50,0.001,False
RE,cifar10,50,28,65.0721,34.9279,50,0.012,False
Random,cifar10,50,55,75.0473,24.9527,50,0.011,False
Random,cifar10,50,78,70.058,29.942,50,0.011,False
Random,cifar10,50,17,65.0411,34.9589,50,0.001,False
Random,cifar10,50,19,65.0366,34.9634,50,0.05,False
Random,cifar10,50,33,64.9588,35.0412,50,0.042,False
RE,cifar10,50,41,65.0941,34.9059,50,0.001,False
RE,cifar10,50,54,69.9916,30.0084,50,0.001,False
Random,cifar10,50,88,65.1407,34.8593,50,0.009,False
RE,cifar10,50,45,65.0904,34.9096,50,0.001,False
Random,cifar10,50,53,65.035,34.965,50,0.012,False
RE,cifar10,50,57,65.0666,34.9334,50,0.001,False
Random,cifar10,50,25,65.0142,34.9858,50,0.001,False
RE,cifar10,50,48,69.8902,30.1098,50,0.001,False
RE,cifar10,50,49,65.0068,34.9932,50,0.001,False
RE,cifar10,50,40,69.9414,30.0586,50,0.001,False
RE,cifar10,50,53,65.035,34.965,50,0.001,False
RE,cifar10,50,52,69.9306,30.0694,50,0.001,False
Random,cifar10,50,75,70.028,29.972,50,0.013,False
RE,cifar10,50,31,69.9918,30.0082,50,0.001,False
Random,cifar10,50,34,65.0304,34.9696,50,0.001,False
RE,cifar10,50,35,69.9472,30.0528,50,0.001,False
Random,cifar10,50,7,70.0697,29.9303,50,0.056,False
Random,cifar10,50,69,70.0383,29.9617,49,0.001,False
Random,cifar10,50,27,80.0663,19.9337,50,0.001,False
RE,cifar10,50,39,65.0652,34.9348,50,0.001,False
Random,cifar10,50,3,65.0685,34.9315,50,0.001,False
RE,cifar10,50,58,70.1576,29.8424,50,0.001,False
RE,cifar10,50,47,75.0015,24.9985,50,0.001,False
RE,cifar10,50,50,70.0758,29.9242,50,0.04,False
RE,cifar10,50,51,65.0342,34.9658,50,0.001,False
RE,cifar10,50,67,70.1047,29.8953,50,0.001,False
RE,cifar10,50,37,70.1576,29.8424,50,0.001,False
Random,cifar10,50,70,65.0563,34.9437,50,0.001,False
RE,cifar10,50,69,70.0383,29.9617,50,0.005,False
Random,cifar10,50,48,69.8902,30.1098,50,0.001,False
RE,cifar10,50,68,70.1049,29.8951,50,0.0,False
RE,cifar10,50,46,70.0458,29.9542,50,0.007,False
Random,cifar10,50,45,65.0904,34.9096,50,0.001,False
RE,cifar10,50,43,65.123,34.877,50,0.017,False
Random,cifar10,50,21,60.0567,39.9433,50,0.015,False
RE,cifar10,50,71,69.9853,30.0147,50,0.001,False
Random,cifar10,50,49,65.0068,34.9932,50,0.001,False
Random,cifar10,50,63,70.025,29.975,50,0.001,False
RE,cifar10,50,61,69.9812,30.0188,50,0.004,False
RE,cifar10,50,66,70.0089,29.9911,50,0.009,False
RE,cifar10,50,62,70.0341,29.9659,50,0.011,False
RE,cifar10,50,76,69.961,30.039,50,0.001,False
Random,cifar10,50,23,69.9793,30.0207,50,0.004,False
RE,cifar10,50,55,75.0473,24.9527,50,0.001,False
RE,cifar10,50,77,65.0614,34.9386,50,0.001,False
Random,cifar10,50,30,74.9839,25.0161,50,0.001,False
RE,cifar10,50,59,69.9651,30.0349,50,0.001,False
RE,cifar10,50,73,65.0678,34.9322,50,0.001,False
RE,cifar10,50,74,69.9574,30.0426,50,0.001,False
RE,cifar10,50,60,65.0493,34.9507,50,0.001,False
Random,cifar10,50,39,65.0652,34.9348,50,0.001,False
Random,cifar10,50,77,65.0614,34.9386,49,0.001,False
RE,cifar10,50,89,70.0146,29.9854,50,0.001,False
RE,cifar10,50,87,69.9788,30.0212,50,0.001,False
Random,cifar10,50,83,70.0475,29.9525,50,0.001,False
Random,cifar10,50,38,70.0933,29.9067,49,0.008,False
Random,cifar10,50,35,69.9472,30.0528,50,0.011,False
RE,cifar10,50,75,70.028,29.972,50,0.011,False
RE,cifar10,50,56,65.0326,34.9674,50,0.001,False
Random,cifar10,50,76,69.961,30.039,50,0.001,False
RE,cifar10,50,64,64.9993,35.0007,50,0.001,False
RE,cifar10,50,63,70.025,29.975,50,0.008,False
Random,cifar10,50,22,65.0563,34.9437,50,0.001,False
RE,cifar10,50,91,65.0943,34.9057,50,0.001,False
RE,cifar10,50,65,65.0598,34.9402,50,0.0,False
Random,cifar10,50,64,64.9993,35.0007,50,0.001,False
RE,cifar10,50,94,65.1355,34.8645,50,0.001,False
RE,cifar10,50,72,70.0615,29.9385,50,0.001,False
RE,cifar10,50,96,70.0253,29.9747,50,0.001,False
RE,cifar10,50,88,65.1407,34.8593,50,0.001,False
Random,cifar10,50,81,69.992,30.008,50,0.001,False
RE,cifar10,50,95,74.9954,25.0046,50,0.007,False
Random,cifar10,50,0,65.1316,34.8684,50,0.001,False
Tabu,cifar10,50,1,74.9954,25.0046,50,0.044,False
Random,cifar10,50,16,69.998,30.002,50,0.001,False
RE,cifar10,50,84,70.0277,29.9723,50,0.008,False
Random,cifar10,50,9,70.025,29.975,50,0.001,False
RE,cifar10,50,90,75.0764,24.9236,50,0.001,False
RE,cifar10,50,83,70.0475,29.9525,50,0.001,False
Random,cifar10,50,79,70.1049,29.8951,49,0.001,False
Random,cifar10,50,32,70.0431,29.9569,50,0.001,False
Tabu,cifar10,50,10,70.0158,29.9842,50,0.001,False
Tabu,cifar10,50,7,65.043,34.957,50,0.001,False
RE,cifar10,50,81,69.992,30.008,50,0.011,False
RE,cifar10,50,86,65.0464,34.9536,50,0.001,False
RE,cifar10,50,70,65.0563,34.9437,50,0.012,False
RE,cifar10,50,80,69.9559,30.0441,50,0.013,False
RE,cifar10,50,78,70.058,29.942,50,0.001,False
Random,cifar10,50,29,65.0628,34.9372,50,0.001,False
RE,cifar10,50,85,70.0269,29.9731,50,0.001,False
RE,cifar10,50,82,69.995,30.005,50,0.001,False
RE,cifar10,50,93,70.025,29.975,50,0.001,False
RE,cifar10,50,98,69.9578,30.0422,50,0.001,False
Tabu,cifar10,50,4,70.0247,29.9753,50,0.001,False
Tabu,cifar10,50,8,75.0473,24.9527,50,0.001,False
Tabu,cifar10,50,18,64.8987,35.1013,50,0.001,False
RE,cifar10,50,79,70.1049,29.8951,50,0.001,False
Tabu,cifar10,50,2,70.0684,29.9316,50,0.012,False
Tabu,cifar10,50,5,69.9851,30.0149,50,0.001,False
Tabu,cifar10,50,6,69.9829,30.0171,50,0.001,False
Tabu,cifar10,50,19,75.004,24.996,50,0.001,False
Tabu,cifar10,50,3,69.9912,30.0088,50,0.001,False
Random,cifar10,50,84,70.0277,29.9723,50,0.001,False
Random,cifar10,50,89,70.0146,29.9854,50,0.0,False
Random,cifar10,50,52,69.9306,30.0694,50,0.001,False
Random,cifar10,50,12,70.0687,29.9313,50,0.001,False
Random,cifar10,50,91,65.0943,34.9057,50,0.001,False
Tabu,cifar10,50,30,70.0731,29.9269,50,0.008,False
Tabu,cifar10,50,14,74.9658,25.0342,50,0.001,False
Random,cifar10,50,40,69.9414,30.0586,50,0.014,False
RE,cifar10,50,97,70.0121,29.9879,50,0.001,False
Random,cifar10,50,86,65.0464,34.9536,50,0.001,False
Tabu,cifar10,50,34,70.006,29.994,50,0.001,False
Tabu,cifar10,50,32,65.0703,34.9297,50,0.001,False
RE,cifar10,50,92,82.0162,17.9838,50,0.001,False
Random,cifar10,50,82,69.995,30.005,50,0.05,False
Tabu,cifar10,50,0,69.9584,30.0416,50,0.001,False
Tabu,cifar10,50,15,65.0308,34.9692,50,0.011,False
Tabu,cifar10,50,12,70.0435,29.9565,50,0.001,False
Random,cifar10,50,85,70.0269,29.9731,50,0.043,False
Random,cifar10,50,94,65.1355,34.8645,50,0.001,False
Tabu,cifar10,50,45,74.9734,25.0266,50,0.001,False
Tabu,cifar10,50,9,64.9279,35.0721,50,0.001,False
RE,cifar10,50,99,65.0144,34.9856,50,0.001,False
Tabu,cifar10,50,21,69.9247,30.0753,50,0.001,False
Random,cifar10,50,61,69.9812,30.0188,50,0.001,False
Tabu,cifar10,50,13,65.0544,34.9456,50,0.001,False
Tabu,cifar10,50,23,65.0478,34.9522,50,0.001,False
Random,cifar10,50,44,70.0004,29.9996,50,0.001,False
Tabu,cifar10,50,53,70.076,29.924,50,0.001,False
Random,cifar10,50,28,65.0721,34.9279,50,0.001,False
Tabu,cifar10,50,47,74.9292,25.0708,50,0.001,False
Tabu,cifar10,50,65,65.0435,34.9565,50,0.001,False
Tabu,cifar10,50,11,75.0109,24.9891,50,0.001,False
Tabu,cifar10,50,39,75.0069,24.9931,50,0.001,False
Random,cifar10,50,67,70.1047,29.8953,50,0.009,False
Random,cifar10,50,99,65.0144,34.9856,50,0.001,False
Random,cifar10,50,42,65.0123,34.9877,50,0.001,False
Tabu,cifar10,50,25,70.0383,29.9617,50,0.001,False
Tabu,cifar10,50,35,80.0663,19.9337,50,0.004,False
Tabu,cifar10,50,20,64.9421,35.0579,50,0.001,False
Tabu,cifar10,50,61,65.0216,34.9784,50,0.001,False
Tabu,cifar10,50,16,64.9738,35.0262,50,0.048,False
Tabu,cifar10,50,17,69.9184,30.0816,50,0.045,False
Tabu,cifar10,50,37,65.0196,34.9804,50,0.044,False
Tabu,cifar10,50,22,64.9804,35.0196,50,0.016,False
Tabu,cifar10,50,66,65.0934,34.9066,50,0.001,False
Random,cifar10,50,93,70.025,29.975,50,0.001,False
Random,cifar10,50,66,70.0089,29.9911,50,0.001,False
Tabu,cifar10,50,43,64.9458,35.0542,50,0.001,False
Tabu,cifar10,50,44,64.9688,35.0312,50,0.001,False
Tabu,cifar10,50,26,75.0473,24.9527,50,0.001,False
Tabu,cifar10,50,33,70.0731,29.9269,50,0.001,False
Tabu,cifar10,50,73,70.0627,29.9373,50,0.005,False
Random,cifar10,50,65,65.0598,34.9402,50,0.001,False
Tabu,cifar10,50,31,69.9497,30.0503,50,0.008,False
Tabu,cifar10,50,27,75.0088,24.9912,50,0.001,False
Tabu,cifar10,50,41,69.9584,30.0416,50,0.001,False
Tabu,cifar10,50,63,75.0069,24.9931,50,0.0,False
Tabu,cifar10,50,78,65.0287,34.9713,50,0.043,False
Tabu,cifar10,50,29,64.9938,35.0062,50,0.047,False
Tabu,cifar10,50,55,70.0672,29.9328,50,0.001,False
Tabu,cifar10,50,48,65.0563,34.9437,50,0.042,False
Tabu,cifar10,50,79,65.0692,34.9308,50,0.005,False
Random,cifar10,50,92,82.0162,17.9838,50,0.001,False
Tabu,cifar10,50,98,70.0804,29.9196,50,0.001,False
Tabu,cifar10,50,64,65.0544,34.9456,50,0.001,False
Tabu,cifar10,50,24,75.004,24.996,50,0.001,False
Random,cifar10,50,8,70.0345,29.9655,50,0.001,False
Tabu,cifar10,50,51,69.9247,30.0753,50,0.001,False
Tabu,cifar10,50,58,80.0663,19.9337,50,0.001,False
Tabu,cifar10,50,52,74.9734,25.0266,50,0.001,False
Tabu,cifar10,50,50,65.0251,34.9749,50,0.001,False
Tabu,cifar10,50,36,70.0435,29.9565,50,0.04,False
Tabu,cifar10,50,28,64.9401,35.0599,50,0.001,False
Random,cifar10,50,5,65.0538,34.9462,50,0.001,False
Tabu,cifar10,50,57,64.9719,35.0281,50,0.0,False
Tabu,cifar10,50,40,65.0959,34.9041,50,0.001,False
Random,cifar10,50,62,70.0341,29.9659,50,0.001,False
Tabu,cifar10,50,60,64.969,35.031,50,0.001,False
Tabu,cifar10,50,95,65.0308,34.9692,50,0.001,False
Random,cifar10,50,95,74.9954,25.0046,50,0.007,False
Tabu,cifar10,50,74,64.936,35.064,50,0.001,False
Tabu,cifar10,50,97,65.0524,34.9476,50,0.001,False
Tabu,cifar10,50,59,75.0112,24.9888,50,0.001,False
Tabu,cifar10,50,49,69.9166,30.0834,50,0.001,False
Tabu,cifar10,50,56,74.9658,25.0342,50,0.001,False
Tabu,cifar10,50,69,70.0435,29.9565,50,0.001,False
Random,cifar10,50,80,69.9559,30.0441,50,0.015,False
Tabu,cifar10,50,38,74.9658,25.0342,50,0.001,False
Tabu,cifar10,50,87,64.9804,35.0196,50,0.001,False
Tabu,cifar10,50,84,74.9658,25.0342,50,0.001,False
Tabu,cifar10,50,83,70.0247,29.9753,50,0.001,False
Tabu,cifar10,50,46,69.9829,30.0171,50,0.001,False
ORC-RE,cifar10,50,29,65.0628,34.9372,50,0.001,False
Tabu,cifar10,50,86,69.9227,30.0773,50,0.001,False
Tabu,cifar10,50,62,65.0303,34.9697,50,0.001,False
ORC-RE,cifar10,50,31,69.9918,30.0082,50,0.001,False
Tabu,cifar10,50,42,70.0697,29.9303,50,0.012,False
ORC-RE,cifar10,50,6,70.0285,29.9715,50,0.001,False
Tabu,cifar10,50,67,65.014,34.986,50,0.001,False
Tabu,cifar10,50,68,65.0287,34.9713,50,0.001,False
ORC-RE,cifar10,50,0,65.1316,34.8684,50,0.009,False
Tabu,cifar10,50,90,80.0663,19.9337,50,0.008,False
Tabu,cifar10,50,54,74.9734,25.0266,50,0.001,False
Random,cifar10,50,90,75.0764,24.9236,50,0.014,False
Tabu,cifar10,50,72,65.0807,34.9193,50,0.001,False
ORC-RE,cifar10,50,19,65.0366,34.9634,50,0.001,False
Tabu,cifar10,50,70,65.1021,34.8979,50,0.011,False
Random,cifar10,50,87,69.9788,30.0212,50,0.001,False
Random,cifar10,50,58,70.1576,29.8424,50,0.001,False
Tabu,cifar10,50,94,64.9583,35.0417,50,0.001,False
Tabu,cifar10,50,82,69.9413,30.0587,50,0.001,False
ORC-RE,cifar10,50,12,70.0687,29.9313,50,0.001,False
Random,cifar10,50,96,70.0253,29.9747,50,0.001,False
Tabu,cifar10,50,92,98.9577,1.0423,50,0.001,False
Tabu,cifar10,50,76,70.1549,29.8451,50,0.001,False
Random,cifar10,50,43,65.123,34.877,50,0.001,False
Tabu,cifar10,50,85,74.9954,25.0046,50,0.001,False
ORC-RE,cifar10,50,25,65.0142,34.9858,50,0.001,False
Tabu,cifar10,50,77,64.9168,35.0832,50,0.001,False
Tabu,cifar10,50,71,74.9734,25.0266,50,0.001,False
Tabu,cifar10,50,75,75.1008,24.8992,50,0.001,False
ORC-RE,cifar10,50,5,65.0538,34.9462,50,0.001,False
Tabu,cifar10,50,96,69.9363,30.0637,50,0.001,False
ORC-RE,cifar10,50,4,70.033,29.967,50,0.0,False
Tabu,cifar10,50,80,70.0111,29.9889,50,0.001,False
Tabu,cifar10,50,88,74.9451,25.0549,50,0.001,False
ORC-RE,cifar10,50,9,70.025,29.975,50,0.001,False
ORC-RE,cifar10,50,15,65.0134,34.9866,50,0.001,False
Random,cifar10,50,10,70.0687,29.9313,50,0.001,False
Random,cifar10,50,72,70.0615,29.9385,50,0.009,False
ORC-RE,cifar10,50,63,70.025,29.975,50,0.001,False
Tabu,cifar10,50,89,65.035,34.965,50,0.001,False
ORC-RE,cifar10,50,30,74.9839,25.0161,50,0.001,False
Tabu,cifar10,50,93,64.9649,35.0351,50,0.001,False
Tabu,cifar10,50,91,69.8902,30.1098,50,0.001,False
Tabu,cifar10,50,81,64.9679,35.0321,50,0.012,False
ORC-RE,cifar10,50,24,74.9734,25.0266,50,0.001,False
Random,cifar10,50,41,65.0941,34.9059,50,0.058,False
ORC-RE,cifar10,50,28,65.0721,34.9279,50,0.001,False
ORC-RE,cifar10,50,16,69.998,30.002,50,0.001,False
ORC-RE,cifar10,50,46,70.0458,29.9542,50,0.006,False
Tabu,cifar10,50,99,65.0078,34.9922,50,0.011,False
ORC-RE,cifar10,50,1,69.9166,30.0834,50,0.015,False
ORC-RE,cifar10,50,32,70.0431,29.9569,50,0.001,False
ORC-RE,cifar10,50,2,69.9925,30.0075,50,0.001,False
ORC-RE,cifar10,50,7,70.0697,29.9303,50,0.001,False
ORC-RE,cifar10,50,18,70.0933,29.9067,50,0.001,False
ORC-RE,cifar10,50,65,65.0598,34.9402,50,0.005,False
ORC-RE,cifar10,50,35,69.9472,30.0528,50,0.001,False
ORC-RE,cifar10,50,36,65.0885,34.9115,50,0.011,False
ORC-RE,cifar10,50,62,70.0341,29.9659,50,0.004,False
ORC-RE,cifar10,50,27,80.0663,19.9337,50,0.001,False
ORC-RE,cifar10,50,11,65.0268,34.9732,50,0.001,False
ORC-RE,cifar10,50,8,70.0345,29.9655,50,0.001,False
ORC-RE,cifar10,50,3,65.0685,34.9315,50,0.001,False
Random,cifar10,50,20,69.9954,30.0046,50,0.001,False
ORC-RE,cifar10,50,10,70.0687,29.9313,50,0.01,False
ORC-RE,cifar10,50,41,65.0941,34.9059,50,0.005,False
ORC-RE,cifar10,50,37,70.1576,29.8424,50,0.012,False
ORC-RE,cifar10,50,42,65.0123,34.9877,50,0.001,False
ORC-RE,cifar10,50,48,69.8902,30.1098,50,0.001,False
ORC-RE,cifar10,50,23,69.9793,30.0207,50,0.001,False
ORC-RE,cifar10,50,73,65.0678,34.9322,50,0.004,False
Random,cifar10,50,24,74.9734,25.0266,50,0.001,False
ORC-RE,cifar10,50,20,69.9954,30.0046,50,0.018,False
ORC-RE,cifar10,50,14,70.1027,29.8973,50,0.001,False
ORC-RE,cifar10,50,53,65.035,34.965,50,0.001,False
ORC-RE,cifar10,50,22,65.0563,34.9437,50,0.001,False
ORC-RE,cifar10,50,26,69.9418,30.0582,50,0.001,False
ORC-RE,cifar10,50,17,65.0411,34.9589,50,0.001,False
ORC-RE,cifar10,50,49,65.0068,34.9932,50,0.001,False
ORC-RE,cifar10,50,13,69.9609,30.0391,50,0.001,False
Random,cifar10,50,97,70.0121,29.9879,50,0.001,False
Random,cifar10,50,56,65.0326,34.9674,50,0.001,False
ORC-RE,cifar10,50,55,75.0473,24.9527,50,0.005,False
ORC-RE,cifar10,50,51,65.0342,34.9658,50,0.008,False
ORC-RE,cifar10,50,68,70.1049,29.8951,50,0.001,False
ORC-RE,cifar10,50,21,60.0567,39.9433,50,0.001,False
ORC-RE,cifar10,50,47,75.0015,24.9985,50,0.048,False
ORC-RE,cifar10,50,58,70.1576,29.8424,50,0.001,False
ORC-RE,cifar10,50,39,65.0652,34.9348,50,0.009,False
ORC-RE,cifar10,50,60,65.0493,34.9507,50,0.009,False
ORC-RE,cifar10,50,40,69.9414,30.0586,50,0.001,False
ORC-RE,cifar10,50,85,70.0269,29.9731,50,0.001,False
ORC-RE,cifar10,50,33,64.9588,35.0412,50,0.001,False
ORC-RE,cifar10,50,56,65.0326,34.9674,50,0.001,False
ORC-RE,cifar10,50,81,69.992,30.008,50,0.001,False
ORC-RE,cifar10,50,44,70.0004,29.9996,50,0.001,False
ORC-RE,cifar10,50,57,65.0666,34.9334,50,0.001,False
ORC-RE,cifar10,50,38,70.0933,29.9067,50,0.013,False
ORC-RE,cifar10,50,61,69.9812,30.0188,50,0.001,False
ORC-RE,cifar10,50,76,69.961,30.039,50,0.001,False
ORC-RE,cifar10,50,78,70.058,29.942,50,0.001,False
ORC-Tabu,cifar10,50,0,69.9584,30.0416,50,0.001,False
ORC-Tabu,cifar10,50,18,64.8987,35.1013,50,0.001,False
ORC-RE,cifar10,50,98,69.9578,30.0422,50,0.001,False
Random,cifar10,50,71,69.9853,30.0147,50,0.001,False
Random,cifar10,50,36,65.0885,34.9115,50,0.001,False
ORC-RE,cifar10,50,54,69.9916,30.0084,50,0.001,False
ORC-Tabu,cifar10,50,8,75.0473,24.9527,50,0.007,False
ORC-RE,cifar10,50,69,70.0383,29.9617,50,0.004,False
ORC-RE,cifar10,50,50,70.0758,29.9242,50,0.001,False
ORC-RE,cifar10,50,45,65.0904,34.9096,50,0.015,False
ORC-RE,cifar10,50,34,65.0304,34.9696,50,0.001,False
ORC-RE,cifar10,50,90,75.0764,24.9236,50,0.009,False
ORC-RE,cifar10,50,91,65.0943,34.9057,50,0.001,False
ORC-RE,cifar10,50,52,69.9306,30.0694,50,0.011,False
ORC-RE,cifar10,50,64,64.9993,35.0007,50,0.009,False
ORC-RE,cifar10,50,59,69.9651,30.0349,50,0.001,False
ORC-Tabu,cifar10,50,15,65.0308,34.9692,50,0.001,False
ORC-RE,cifar10,50,67,70.1047,29.8953,50,0.001,False
ORC-RE,cifar10,50,66,70.0089,29.9911,50,0.001,False
ORC-RE,cifar10,50,93,70.025,29.975,50,0.001,False
ORC-RE,cifar10,50,84,70.0277,29.9723,50,0.001,False
ORC-RE,cifar10,50,77,65.0614,34.9386,50,0.001,False
ORC-RE,cifar10,50,71,69.9853,30.0147,50,0.001,False
ORC-RE,cifar10,50,96,70.0253,29.9747,50,0.001,False
ORC-RE,cifar10,50,75,70.028,29.972,50,0.008,False
ORC-RE,cifar10,50,80,69.9559,30.0441,50,0.001,False
ORC-RE,cifar10,50,74,69.9574,30.0426,50,0.001,False
ORC-RE,cifar10,50,72,70.0615,29.9385,50,0.009,False
ORC-RE,cifar10,50,82,69.995,30.005,50,0.001,False
ORC-RE,cifar10,50,43,65.123,34.877,50,0.012,False
ORC-RE,cifar10,50,79,70.1049,29.8951,50,0.001,False
ORC-Tabu,cifar10,50,7,65.043,34.957,50,0.0,False
ORC-Tabu,cifar10,50,6,69.9829,30.0171,50,0.0,False
ORC-Tabu,cifar10,50,4,70.0247,29.9753,50,0.042,False
ORC-RE,cifar10,50,92,82.0162,17.9838,50,0.001,False
ORC-RE,cifar10,50,89,70.0146,29.9854,50,0.051,False
ORC-Tabu,cifar10,50,10,70.0158,29.9842,50,0.001,False
ORC-RE,cifar10,50,83,70.0475,29.9525,50,0.012,False
ORC-RE,cifar10,50,99,65.0144,34.9856,50,0.001,False
ORC-Tabu,cifar10,50,11,75.0109,24.9891,50,0.001,False
ORC-Tabu,cifar10,50,19,75.004,24.996,50,0.001,False
ORC-RE,cifar10,50,87,69.9788,30.0212,50,0.001,False
ORC-Tabu,cifar10,50,20,64.9421,35.0579,50,0.008,False
ORC-RE,cifar10,50,97,70.0121,29.9879,50,0.001,False
ORC-Tabu,cifar10,50,17,69.9184,30.0816,50,0.001,False
ORC-Tabu,cifar10,50,14,74.9658,25.0342,50,0.0,False
ORC-RE,cifar10,50,86,65.0464,34.9536,50,0.0,False
ORC-Tabu,cifar10,50,62,65.0303,34.9697,50,0.0,False
ORC-Tabu,cifar10,50,16,64.9738,35.0262,50,0.001,False
ORC-RE,cifar10,50,88,65.1407,34.8593,50,0.001,False
ORC-Tabu,cifar10,50,1,74.9954,25.0046,50,0.001,False
ORC-RE,cifar10,50,70,65.0563,34.9437,50,0.05,False
ORC-Tabu,cifar10,50,2,70.0684,29.9316,50,0.001,False
ORC-Tabu,cifar10,50,51,69.9247,30.0753,50,0.001,False
ORC-Tabu,cifar10,50,13,65.0544,34.9456,50,0.001,False
ORC-RE,cifar10,50,95,74.9954,25.0046,50,0.011,False
ORC-Tabu,cifar10,50,42,70.0697,29.9303,50,0.001,False
ORC-Tabu,cifar10,50,44,64.9688,35.0312,50,0.001,False
ORC-Tabu,cifar10,50,28,64.9401,35.0599,50,0.001,False
ORC-Tabu,cifar10,50,30,70.0731,29.9269,50,0.001,False
ORC-Tabu,cifar10,50,61,65.0216,34.9784,50,0.001,False
ORC-Tabu,cifar10,50,67,65.014,34.986,50,0.001,False
ORC-Tabu,cifar10,50,63,75.0069,24.9931,50,0.001,False
ORC-Tabu,cifar10,50,34,70.006,29.994,50,0.001,False
ORC-Tabu,cifar10,50,43,64.9458,35.0542,50,0.001,False
ORC-Tabu,cifar10,50,38,74.9658,25.0342,50,0.001,False
ORC-Tabu,cifar10,50,47,74.9292,25.0708,50,0.001,False
ORC-Tabu,cifar10,50,9,64.9279,35.0721,50,0.001,False
ORC-Tabu,cifar10,50,32,65.0703,34.9297,50,0.007,False
ORC-RE,cifar10,50,94,65.1355,34.8645,50,0.046,False
ORC-Tabu,cifar10,50,12,70.0435,29.9565,50,0.012,False
ORC-Tabu,cifar10,50,48,65.0563,34.9437,50,0.001,False
Random,cifar10,100,6,70.0285,29.9715,100,0.001,False
ORC-Tabu,cifar10,50,21,69.9247,30.0753,50,0.011,False
ORC-Tabu,cifar10,50,77,64.9168,35.0832,50,0.001,False
ORC-Tabu,cifar10,50,53,70.076,29.924,50,0.001,False
ORC-Tabu,cifar10,50,22,64.9804,35.0196,50,0.001,False
ORC-Tabu,cifar10,50,45,74.9734,25.0266,50,0.0,False
ORC-Tabu,cifar10,50,25,70.0383,29.9617,50,0.052,False
ORC-Tabu,cifar10,50,35,80.0663,19.9337,50,0.001,False
ORC-Tabu,cifar10,50,26,75.0473,24.9527,50,0.001,False
ORC-Tabu,cifar10,50,5,69.9851,30.0149,50,0.001,False
ORC-Tabu,cifar10,50,60,64.969,35.031,50,0.001,False
ORC-Tabu,cifar10,50,37,65.0196,34.9804,50,0.001,False
ORC-Tabu,cifar10,50,24,75.004,24.996,50,0.001,False
ORC-Tabu,cifar10,50,73,70.0627,29.9373,50,0.005,False
ORC-Tabu,cifar10,50,59,75.0112,24.9888,50,0.001,False
ORC-Tabu,cifar10,50,36,70.0435,29.9565,50,0.001,False
Random,cifar10,100,14,70.1027,29.8973,100,0.001,False
ORC-Tabu,cifar10,50,27,75.0088,24.9912,50,0.001,False
ORC-Tabu,cifar10,50,29,64.9938,35.0062,50,0.001,False
ORC-Tabu,cifar10,50,33,70.0731,29.9269,50,0.001,False
ORC-Tabu,cifar10,50,3,69.9912,30.0088,50,0.015,False
ORC-Tabu,cifar10,50,41,69.9584,30.0416,50,0.001,False
ORC-Tabu,cifar10,50,49,69.9166,30.0834,50,0.007,False
ORC-Tabu,cifar10,50,46,69.9829,30.0171,50,0.001,False
ORC-Tabu,cifar10,50,68,65.0287,34.9713,50,0.001,False
ORC-Tabu,cifar10,50,23,65.0478,34.9522,50,0.001,False
ORC-Tabu,cifar10,50,31,69.9497,30.0503,50,0.007,False
ORC-Tabu,cifar10,50,40,65.0959,34.9041,50,0.001,False
ORC-Tabu,cifar10,50,72,65.0807,34.9193,50,0.001,False
ORC-Tabu,cifar10,50,50,65.0251,34.9749,50,0.001,False
ORC-Tabu,cifar10,50,94,64.9583,35.0417,50,0.004,False
ORC-Tabu,cifar10,50,55,70.0672,29.9328,50,0.001,False
ORC-Tabu,cifar10,50,39,75.0069,24.9931,50,0.001,False
ORC-Tabu,cifar10,50,80,70.0111,29.9889,50,0.001,False
ORC-Tabu,cifar10,50,52,74.9734,25.0266,50,0.001,False
Random,cifar10,100,33,65.0236,34.9764,100,0.001,False
ORC-Tabu,cifar10,50,54,74.9734,25.0266,50,0.001,False
ORC-Tabu,cifar10,50,57,64.9719,35.0281,50,0.001,False
ORC-Tabu,cifar10,50,56,74.9658,25.0342,50,0.008,False
Random,cifar10,100,38,74.9734,25.0266,99,0.001,False
ORC-Tabu,cifar10,50,58,80.0663,19.9337,50,0.001,False
ORC-Tabu,cifar10,50,84,74.9658,25.0342,50,0.01,False
ORC-Tabu,cifar10,50,78,65.0287,34.9713,50,0.0,False
Random,cifar10,100,0,65.1316,34.8684,99,0.04,False
ORC-Tabu,cifar10,50,81,64.9679,35.0321,50,0.001,False
ORC-Tabu,cifar10,50,66,65.0934,34.9066,50,0.001,False
ORC-Tabu,cifar10,50,92,98.9577,1.0423,50,0.001,False
Random,cifar10,100,21,69.9234,30.0766,99,0.005,False
Random,cifar10,100,23,69.9793,30.0207,99,0.002,False
ORC-Tabu,cifar10,50,64,65.0544,34.9456,50,0.001,False
Random,cifar10,100,22,70.0253,29.9747,99,0.004,False
ORC-Tabu,cifar10,50,93,64.9649,35.0351,50,0.005,False
Random,cifar10,100,25,70.019,29.981,100,0.001,False
Random,cifar10,100,26,69.9418,30.0582,99,0.001,False
Random,cifar10,50,98,69.9578,30.0422,50,0.009,False
ORC-Tabu,cifar10,50,75,75.1008,24.8992,50,0.009,False
ORC-Tabu,cifar10,50,70,65.1021,34.8979,50,0.001,False
ORC-Tabu,cifar10,50,65,65.0435,34.9565,50,0.001,False
ORC-Tabu,cifar10,50,91,69.8902,30.1098,50,0.001,False
ORC-Tabu,cifar10,50,71,74.9734,25.0266,50,0.012,False
ORC-Tabu,cifar10,50,69,70.0435,29.9565,50,0.012,False
ORC-Tabu,cifar10,50,74,64.936,35.064,50,0.001,False
Random,cifar10,100,1,69.9166,30.0834,100,0.008,False
ORC-Tabu,cifar10,50,76,70.1549,29.8451,50,0.01,False
ORC-Tabu,cifar10,50,82,69.9413,30.0587,50,0.001,False
ORC-Tabu,cifar10,50,86,69.9227,30.0773,50,0.001,False
ORC-Tabu,cifar10,50,97,65.0524,34.9476,50,0.001,False
ORC-Tabu,cifar10,50,79,65.0692,34.9308,50,0.001,False
Random,cifar10,100,15,65.018,34.982,98,0.008,False
Random,cifar10,100,9,70.025,29.975,100,0.001,False
ORC-Tabu,cifar10,50,85,74.9954,25.0046,50,0.001,False
Random,cifar10,100,7,70.0697,29.9303,100,0.011,False
Random,cifar10,100,19,65.0885,34.9115,100,0.001,False
Random,cifar10,100,20,69.9954,30.0046,99,0.001,False
Random,cifar10,100,8,70.0345,29.9655,100,0.009,False
Random,cifar10,100,72,70.0615,29.9385,100,0.001,False
Random,cifar10,100,18,70.0933,29.9067,100,0.001,False
Random,cifar10,100,43,70.0104,29.9896,100,0.001,False
Random,cifar10,100,42,69.9793,30.0207,100,0.001,False
Random,cifar10,100,16,70.0089,29.9911,99,0.001,False
Random,cifar10,100,2,69.9925,30.0075,99,0.001,False
ORC-Tabu,cifar10,50,89,65.035,34.965,50,0.015,False
ORC-Tabu,cifar10,50,87,64.9804,35.0196,50,0.015,False
Random,cifar10,100,68,70.1049,29.8951,100,0.002,False
Random,cifar10,100,17,70.0458,29.9542,100,0.001,False
ORC-Tabu,cifar10,50,95,65.0308,34.9692,50,0.013,False
ORC-Tabu,cifar10,50,83,70.0247,29.9753,50,0.054,False
ORC-Tabu,cifar10,50,96,69.9363,30.0637,50,0.001,False
ORC-Tabu,cifar10,50,98,70.0804,29.9196,50,0.001,False
Random,cifar10,100,11,69.9582,30.0418,100,0.001,False
Random,cifar10,100,27,80.0663,19.9337,100,0.043,False
Random,cifar10,100,24,74.9734,25.0266,100,0.007,False
ORC-Tabu,cifar10,50,88,74.9451,25.0549,50,0.001,False
Random,cifar10,100,3,65.0685,34.9315,100,0.043,False
Random,cifar10,100,28,65.0795,34.9205,100,0.001,False
Random,cifar10,100,35,70.0431,29.9569,100,0.009,False
Random,cifar10,100,10,70.0687,29.9313,98,0.001,False
Random,cifar10,100,5,70.0146,29.9854,100,0.008,False
Random,cifar10,100,13,74.9935,25.0065,100,0.001,False
ORC-Tabu,cifar10,50,99,65.0078,34.9922,50,0.001,False
Random,cifar10,100,4,70.033,29.967,100,0.001,False
Random,cifar10,100,63,70.025,29.975,99,0.001,False
Random,cifar10,100,49,65.0478,34.9522,100,0.001,False
Random,cifar10,100,12,70.0687,29.9313,100,0.008,False
Random,cifar10,100,41,65.1548,34.8452,100,0.008,False
Random,cifar10,100,76,70.0505,29.9495,100,0.001,False
Random,cifar10,100,31,69.9918,30.0082,100,0.009,False
RE,cifar10,100,8,75.082,24.918,100,0.005,False
Random,cifar10,100,81,70.0156,29.9844,100,0.007,False
Random,cifar10,100,79,70.1049,29.8951,99,0.005,False
Random,cifar10,100,37,70.1576,29.8424,100,0.001,False
Random,cifar10,100,30,74.9839,25.0161,100,0.01,False
Random,cifar10,100,44,70.0004,29.9996,100,0.012,False
Random,cifar10,100,29,65.086,34.914,100,0.001,False
Random,cifar10,100,55,75.0473,24.9527,100,0.001,False
Random,cifar10,100,36,70.0606,29.9394,100,0.001,False
Random,cifar10,100,57,69.9829,30.0171,100,0.005,False
Random,cifar10,100,32,70.0431,29.9569,100,0.001,False
Random,cifar10,100,34,65.0424,34.9576,100,0.001,False
Random,cifar10,100,82,69.995,30.005,100,0.008,False
Random,cifar10,100,61,69.9812,30.0188,100,0.001,False
Random,cifar10,100,85,70.0269,29.9731,100,0.005,False
Random,cifar10,100,66,70.0093,29.9907,100,0.001,False
Random,cifar10,100,46,80.0663,19.9337,100,0.001,False
Random,cifar10,100,50,70.0758,29.9242,100,0.001,False
Random,cifar10,100,74,74.9658,25.0342,100,0.001,False
Random,cifar10,100,40,70.0731,29.9269,98,0.013,False
Random,cifar10,100,60,69.9454,30.0546,100,0.008,False
Random,cifar10,100,84,75.1008,24.8992,100,0.001,False
Random,cifar10,100,47,75.0015,24.9985,99,0.001,False
Random,cifar10,100,45,70.0247,29.9753,100,0.001,False
RE,cifar10,100,10,75.0473,24.9527,100,0.044,False
RE,cifar10,100,2,75.0069,24.9931,100,0.041,False
RE,cifar10,100,16,76.0475,23.9525,100,0.044,False
Random,cifar10,100,80,69.9559,30.0441,99,0.001,False
Random,cifar10,100,87,69.9788,30.0212,99,0.001,False
Random,cifar10,100,39,70.1049,29.8951,100,0.001,False
RE,cifar10,100,11,80.0663,19.9337,100,0.008,False
Random,cifar10,100,52,69.9306,30.0694,99,0.05,False
RE,cifar10,100,40,75.0473,24.9527,100,0.004,False
Random,cifar10,100,48,74.9658,25.0342,100,0.014,False
Random,cifar10,100,54,69.9916,30.0084,100,0.001,False
Random,cifar10,100,77,65.0614,34.9386,99,0.005,False
Random,cifar10,100,67,70.1047,29.8953,100,0.001,False
Random,cifar10,100,95,74.9954,25.0046,100,0.001,False
Random,cifar10,100,58,75.0109,24.9891,100,0.001,False
Random,cifar10,100,59,69.9651,30.0349,99,0.001,False
Random,cifar10,100,69,70.0417,29.9583,99,0.001,False
Random,cifar10,100,75,70.028,29.972,99,0.012,False
Random,cifar10,100,56,74.9839,25.0161,99,0.001,False
Random,cifar10,100,53,65.0941,34.9059,100,0.001,False
Random,cifar10,100,64,64.9993,35.0007,100,0.001,False
RE,cifar10,100,4,75.0015,24.9985,100,0.045,False
Random,cifar10,100,93,70.025,29.975,99,0.008,False
RE,cifar10,100,5,75.082,24.918,100,0.011,False
RE,cifar10,100,6,75.0069,24.9931,100,0.013,False
Random,cifar10,100,99,65.0365,34.9635,100,0.001,False
RE,cifar10,100,34,75.0263,24.9737,100,0.013,False
Random,cifar10,100,62,70.0341,29.9659,99,0.001,False
Random,cifar10,100,91,70.0558,29.9442,100,0.001,False
Random,cifar10,100,65,65.0598,34.9402,100,0.012,False
Random,cifar10,100,71,69.9853,30.0147,100,0.007,False
RE,cifar10,100,1,70.0678,29.9322,100,0.007,False
Random,cifar10,100,70,65.0795,34.9205,100,0.001,False
Random,cifar10,100,73,65.0678,34.9322,99,0.001,False
Random,cifar10,100,83,70.0475,29.9525,100,0.012,False
RE,cifar10,100,24,80.0663,19.9337,100,0.013,False
Random,cifar10,100,88,65.1407,34.8593,100,0.008,False
Random,cifar10,100,51,75.0473,24.9527,99,0.001,False
Random,cifar10,100,97,70.0121,29.9879,100,0.004,False
Random,cifar10,100,86,65.0839,34.9161,100,0.001,False
RE,cifar10,100,38,80.0663,19.9337,100,0.009,False
RE,cifar10,100,63,80.0663,19.9337,100,0.037,False
Random,cifar10,100,89,70.0146,29.9854,100,0.001,False
Random,cifar10,100,78,70.058,29.942,100,0.049,False
RE,cifar10,100,7,75.0112,24.9888,100,0.052,False
RE,cifar10,100,41,75.0109,24.9891,100,0.004,False
RE,cifar10,100,35,80.0663,19.9337,100,0.007,False
RE,cifar10,100,42,75.0473,24.9527,100,0.05,False
Random,cifar10,100,90,98.9577,1.0423,100,0.001,False
RE,cifar10,100,65,75.0112,24.9888,100,0.004,False
Random,cifar10,100,96,70.0253,29.9747,99,0.001,False
RE,cifar10,100,12,75.0069,24.9931,100,0.011,False
Random,cifar10,100,92,82.0162,17.9838,99,0.001,False
RE,cifar10,100,28,75.0109,24.9891,100,0.008,False
RE,cifar10,100,9,80.0663,19.9337,100,0.01,False
Random,cifar10,100,94,70.0084,29.9916,100,0.012,False
RE,cifar10,100,23,75.004,24.996,100,0.015,False
RE,cifar10,100,14,80.0663,19.9337,100,0.018,False
RE,cifar10,100,15,75.0473,24.9527,100,0.016,False
Random,cifar10,100,98,69.9578,30.0422,100,0.001,False
RE,cifar10,100,22,70.1027,29.8973,100,0.052,False
RE,cifar10,100,54,78.0293,21.9707,100,0.048,False
RE,cifar10,100,17,74.9956,25.0044,100,0.01,False
RE,cifar10,100,51,75.082,24.918,100,0.005,False
RE,cifar10,100,3,70.0928,29.9072,100,0.014,False
RE,cifar10,100,0,80.0663,19.9337,100,0.015,False
RE,cifar10,100,30,80.0663,19.9337,100,0.013,False
RE,cifar10,100,64,75.004,24.996,100,0.008,False
ORC-Tabu,cifar10,50,90,80.0663,19.9337,50,0.702,False
RE,cifar10,100,37,80.0663,19.9337,100,0.008,False
RE,cifar10,100,25,70.1049,29.8951,100,0.017,False
RE,cifar10,100,68,75.0109,24.9891,100,0.008,False
RE,cifar10,100,20,74.9839,25.0161,100,0.016,False
RE,cifar10,100,69,75.0015,24.9985,100,0.009,False
RE,cifar10,100,67,80.0663,19.9337,100,0.009,False
RE,cifar10,100,26,80.0663,19.9337,100,0.021,False
RE,cifar10,100,70,75.0069,24.9931,100,0.008,False
RE,cifar10,100,18,74.9734,25.0266,100,0.011,False
RE,cifar10,100,13,74.9292,25.0708,100,0.029,False
RE,cifar10,100,32,74.9292,25.0708,100,0.012,False
RE,cifar10,100,21,75.004,24.996,100,0.057,False
RE,cifar10,100,36,75.004,24.996,100,0.046,False
RE,cifar10,100,39,75.0112,24.9888,100,0.065,False
RE,cifar10,100,31,74.9839,25.0161,100,0.051,False
RE,cifar10,100,27,80.0663,19.9337,100,0.048,False
RE,cifar10,100,99,74.9292,25.0708,100,0.004,False
RE,cifar10,100,29,70.0487,29.9513,100,0.048,False
RE,cifar10,100,33,78.0293,21.9707,100,0.012,False
RE,cifar10,100,88,70.0606,29.9394,100,0.004,False
RE,cifar10,100,49,78.0293,21.9707,100,0.011,False
RE,cifar10,100,50,75.0015,24.9985,100,0.012,False
Tabu,cifar10,100,5,78.0293,21.9707,100,0.001,False
RE,cifar10,100,43,75.0069,24.9931,100,0.013,False
RE,cifar10,100,58,80.0663,19.9337,100,0.02,False
Tabu,cifar10,100,10,80.0663,19.9337,100,0.001,False
Tabu,cifar10,100,13,75.0015,24.9985,100,0.001,False
RE,cifar10,100,52,78.0293,21.9707,100,0.016,False
RE,cifar10,100,85,80.0663,19.9337,100,0.007,False
RE,cifar10,100,48,80.0663,19.9337,100,0.015,False
RE,cifar10,100,86,75.0263,24.9737,100,0.007,False
RE,cifar10,100,55,75.0473,24.9527,100,0.013,False
RE,cifar10,100,90,80.0663,19.9337,100,0.048,False
RE,cifar10,100,62,80.0663,19.9337,100,0.046,False
RE,cifar10,100,45,70.1459,29.8541,100,0.049,False
Tabu,cifar10,100,4,80.0663,19.9337,100,0.001,False
RE,cifar10,100,59,75.082,24.918,100,0.012,False
RE,cifar10,100,47,80.0663,19.9337,100,0.012,False
RE,cifar10,100,75,75.004,24.996,100,0.009,False
RE,cifar10,100,66,80.0663,19.9337,100,0.011,False
Tabu,cifar10,100,6,80.0663,19.9337,100,0.004,False
RE,cifar10,100,87,75.0473,24.9527,100,0.009,False
RE,cifar10,100,19,75.004,24.996,100,0.015,False
RE,cifar10,100,44,75.0263,24.9737,100,0.008,False
Tabu,cifar10,100,0,80.0663,19.9337,100,0.005,False
Tabu,cifar10,100,52,80.0663,19.9337,100,0.001,False
RE,cifar10,100,77,75.0069,24.9931,100,0.05,False
RE,cifar10,100,53,75.082,24.918,100,0.054,False
RE,cifar10,100,57,70.0285,29.9715,100,0.056,False
Tabu,cifar10,100,21,80.0663,19.9337,100,0.001,False
Tabu,cifar10,100,17,80.0663,19.9337,100,0.005,False
Tabu,cifar10,100,49,80.0663,19.9337,100,0.001,False
Tabu,cifar10,100,59,80.0663,19.9337,100,0.001,False
Tabu,cifar10,100,55,80.0663,19.9337,100,0.001,False
RE,cifar10,100,46,80.0663,19.9337,100,0.053,False
RE,cifar10,100,60,80.0663,19.9337,100,0.014,False
Tabu,cifar10,100,24,80.0663,19.9337,100,0.006,False
Tabu,cifar10,100,27,80.0663,19.9337,100,0.001,False
Tabu,cifar10,100,25,80.0663,19.9337,100,0.004,False
RE,cifar10,100,56,80.0663,19.9337,100,0.012,False
RE,cifar10,100,80,80.0663,19.9337,100,0.007,False
Tabu,cifar10,100,56,80.0663,19.9337,100,0.009,False
RE,cifar10,100,95,75.082,24.918,100,0.017,False
RE,cifar10,100,76,75.0263,24.9737,100,0.011,False
RE,cifar10,100,72,75.0764,24.9236,100,0.014,False
Tabu,cifar10,100,35,80.0663,19.9337,100,0.044,False
RE,cifar10,100,73,75.0112,24.9888,100,0.062,False
RE,cifar10,100,74,76.0475,23.9525,100,0.046,False
RE,cifar10,100,61,75.0263,24.9737,100,0.053,False
RE,cifar10,100,89,75.0473,24.9527,100,0.058,False
Tabu,cifar10,100,9,74.9734,25.0266,100,0.001,False
Tabu,cifar10,100,39,80.0663,19.9337,100,0.001,False
Tabu,cifar10,100,20,75.0109,24.9891,100,0.008,False
RE,cifar10,100,71,75.082,24.918,100,0.011,False
Tabu,cifar10,100,40,74.9954,25.0046,100,0.005,False
RE,cifar10,100,81,80.0663,19.9337,100,0.015,False
Tabu,cifar10,100,18,75.0069,24.9931,100,0.004,False
Tabu,cifar10,100,15,75.0473,24.9527,100,0.001,False
Tabu,cifar10,100,33,80.0663,19.9337,100,0.001,False
RE,cifar10,100,82,75.0109,24.9891,100,0.023,False
Tabu,cifar10,100,32,74.9956,25.0044,100,0.001,False
Tabu,cifar10,100,11,80.0663,19.9337,100,0.001,False
RE,cifar10,100,92,82.0162,17.9838,100,0.011,False
RE,cifar10,100,98,80.0663,19.9337,100,0.012,False
Tabu,cifar10,100,28,74.9954,25.0046,100,0.01,False
Tabu,cifar10,100,37,75.0109,24.9891,100,0.001,False
Tabu,cifar10,100,58,80.0663,19.9337,100,0.001,False
RE,cifar10,100,79,75.0764,24.9236,100,0.017,False
Tabu,cifar10,100,57,75.0112,24.9888,100,0.047,False
Tabu,cifar10,100,31,80.0663,19.9337,100,0.045,False
Tabu,cifar10,100,86,80.0663,19.9337,100,0.001,False
RE,cifar10,100,84,74.9734,25.0266,100,0.053,False
Tabu,cifar10,100,26,80.0663,19.9337,100,0.001,False
Tabu,cifar10,100,85,80.0663,19.9337,100,0.001,False
RE,cifar10,100,78,74.9839,25.0161,100,0.056,False
Tabu,cifar10,100,63,80.0663,19.9337,100,0.004,False
Tabu,cifar10,100,23,80.0663,19.9337,100,0.001,False
Tabu,cifar10,100,66,80.0663,19.9337,100,0.006,False
Tabu,cifar10,100,84,80.0663,19.9337,100,0.001,False
Tabu,cifar10,100,65,80.0663,19.9337,100,0.001,False
Tabu,cifar10,100,68,80.0663,19.9337,100,0.001,False
Tabu,cifar10,100,29,75.0112,24.9888,100,0.001,False
RE,cifar10,100,93,74.9839,25.0161,100,0.017,False
RE,cifar10,100,83,70.1549,29.8451,100,0.004,False
Tabu,cifar10,100,34,80.0663,19.9337,100,0.001,False
RE,cifar10,100,94,75.0112,24.9888,100,0.014,False
Tabu,cifar10,100,30,80.0663,19.9337,100,0.001,False
Tabu,cifar10,100,2,80.0663,19.9337,100,0.001,False
Tabu,cifar10,100,7,74.9954,25.0046,100,0.01,False
RE,cifar10,100,96,75.0112,24.9888,100,0.022,False
RE,cifar10,100,97,80.0663,19.9337,100,0.016,False
Tabu,cifar10,100,3,80.0663,19.9337,100,0.001,False
Tabu,cifar10,100,12,80.0663,19.9337,100,0.001,False
Tabu,cifar10,100,19,80.0663,19.9337,100,0.001,False
Tabu,cifar10,100,16,75.0015,24.9985,100,0.001,False
Tabu,cifar10,100,8,80.0663,19.9337,100,0.001,False
Tabu,cifar10,100,22,75.0088,24.9912,100,0.001,False
Tabu,cifar10,100,45,80.0663,19.9337,100,0.045,False
Tabu,cifar10,100,73,80.0663,19.9337,100,0.041,False
Tabu,cifar10,100,48,80.0663,19.9337,100,0.043,False
Tabu,cifar10,100,61,74.9839,25.0161,100,0.001,False
Tabu,cifar10,100,77,78.0293,21.9707,100,0.001,False
Tabu,cifar10,100,78,74.9935,25.0065,100,0.001,False
RE,cifar10,100,91,74.9632,25.0368,100,0.012,False
Tabu,cifar10,100,46,80.0663,19.9337,100,0.011,False
Tabu,cifar10,100,1,80.0663,19.9337,100,0.001,False
Tabu,cifar10,100,51,80.0663,19.9337,100,0.001,False
Tabu,cifar10,100,83,80.0663,19.9337,100,0.005,False
Tabu,cifar10,100,53,80.0663,19.9337,100,0.001,False
Tabu,cifar10,100,82,80.0663,19.9337,100,0.004,False
Tabu,cifar10,100,14,80.0663,19.9337,100,0.018,False
Tabu,cifar10,100,38,80.0663,19.9337,100,0.001,False
Tabu,cifar10,100,44,75.082,24.918,100,0.001,False
Tabu,cifar10,100,60,75.0088,24.9912,100,0.008,False
Tabu,cifar10,100,89,75.0263,24.9737,100,0.001,False
Tabu,cifar10,100,91,80.0663,19.9337,100,0.005,False
Tabu,cifar10,100,42,80.0663,19.9337,100,0.001,False
Tabu,cifar10,100,54,80.0663,19.9337,100,0.001,False
Tabu,cifar10,100,50,74.9839,25.0161,100,0.001,False
Tabu,cifar10,100,90,80.0663,19.9337,100,0.003,False
Tabu,cifar10,100,36,80.0663,19.9337,100,0.011,False
Tabu,cifar10,100,69,80.0663,19.9337,100,0.001,False
Tabu,cifar10,100,98,80.0663,19.9337,100,0.001,False
Tabu,cifar10,100,74,74.9839,25.0161,100,0.001,False
Tabu,cifar10,100,47,80.0663,19.9337,100,0.007,False
Tabu,cifar10,100,62,80.0663,19.9337,100,0.001,False
Tabu,cifar10,100,64,80.0663,19.9337,100,0.013,False
Tabu,cifar10,100,43,75.0263,24.9737,100,0.001,False
Tabu,cifar10,100,75,89.9837,10.0163,100,0.001,False
Tabu,cifar10,100,71,80.0663,19.9337,100,0.001,False
Tabu,cifar10,100,41,80.0663,19.9337,100,0.001,False
Tabu,cifar10,100,70,75.0088,24.9912,100,0.001,False
Tabu,cifar10,100,79,80.0663,19.9337,100,0.001,False
Tabu,cifar10,100,67,75.0473,24.9527,100,0.001,False
Tabu,cifar10,100,80,80.0663,19.9337,100,0.005,False
Tabu,cifar10,100,72,75.004,24.996,100,0.001,False
Tabu,cifar10,100,81,75.0473,24.9527,100,0.001,False
Tabu,cifar10,100,88,80.0663,19.9337,100,0.001,False
Tabu,cifar10,100,87,75.0088,24.9912,100,0.001,False
Tabu,cifar10,100,95,75.0473,24.9527,100,0.052,False
Tabu,cifar10,100,94,75.0764,24.9236,100,0.048,False
Tabu,cifar10,100,93,74.9954,25.0046,100,0.001,False
Tabu,cifar10,100,96,80.0663,19.9337,100,0.008,False
Tabu,cifar10,100,76,80.0663,19.9337,100,0.001,False
Tabu,cifar10,100,99,75.004,24.996,100,0.001,False
Tabu,cifar10,100,92,98.9577,1.0423,100,0.001,False
Tabu,cifar10,100,97,80.0663,19.9337,100,0.001,False
ORC-RE,cifar10,100,37,75.004,24.996,100,4.619,False
ORC-Tabu,cifar10,100,0,80.0663,19.9337,100,0.001,False
ORC-Tabu,cifar10,100,1,80.0663,19.9337,100,0.001,False
ORC-Tabu,cifar10,100,2,80.0663,19.9337,100,0.001,False
ORC-Tabu,cifar10,100,3,80.0663,19.9337,100,0.005,False
ORC-Tabu,cifar10,100,4,80.0663,19.9337,100,0.001,False
ORC-Tabu,cifar10,100,5,78.0293,21.9707,100,0.012,False
ORC-RE,cifar10,100,43,80.0663,19.9337,100,6.974,False
ORC-Tabu,cifar10,100,6,80.0663,19.9337,100,0.001,False
ORC-Tabu,cifar10,100,7,74.9954,25.0046,100,0.001,False
ORC-RE,cifar10,100,51,80.0663,19.9337,100,8.794,False
ORC-RE,cifar10,100,21,80.0663,19.9337,100,9.224,False
ORC-RE,cifar10,100,69,78.0293,21.9707,100,8.985,False
ORC-Tabu,cifar10,100,10,80.0663,19.9337,100,0.001,False
ORC-Tabu,cifar10,100,9,74.9734,25.0266,100,0.056,False
ORC-Tabu,cifar10,100,11,80.0663,19.9337,100,0.001,False
ORC-RE,cifar10,100,98,75.0473,24.9527,100,8.798,False
ORC-Tabu,cifar10,100,12,80.0663,19.9337,100,0.001,False
ORC-Tabu,cifar10,100,13,75.0015,24.9985,100,0.001,False
ORC-RE,cifar10,100,56,75.0015,24.9985,100,9.269,False
ORC-Tabu,cifar10,100,8,80.0663,19.9337,100,1.584,False
ORC-RE,cifar10,100,11,75.0112,24.9888,100,9.677,False
ORC-RE,cifar10,100,99,78.0293,21.9707,100,9.021,False
ORC-RE,cifar10,100,94,80.0663,19.9337,100,9.275,False
ORC-Tabu,cifar10,100,15,75.0473,24.9527,100,0.008,False
ORC-Tabu,cifar10,100,21,80.0663,19.9337,100,0.001,False
ORC-Tabu,cifar10,100,18,75.0069,24.9931,100,0.001,False
ORC-Tabu,cifar10,100,19,80.0663,19.9337,100,0.001,False
ORC-Tabu,cifar10,100,17,80.0663,19.9337,100,0.008,False
ORC-Tabu,cifar10,100,22,75.0088,24.9912,100,0.001,False
ORC-Tabu,cifar10,100,16,75.0015,24.9985,100,0.001,False
ORC-Tabu,cifar10,100,25,80.0663,19.9337,100,0.001,False
ORC-RE,cifar10,100,73,80.0663,19.9337,100,9.697,False
ORC-Tabu,cifar10,100,29,75.0112,24.9888,100,0.001,False
ORC-Tabu,cifar10,100,23,80.0663,19.9337,100,0.001,False
ORC-Tabu,cifar10,100,27,80.0663,19.9337,100,0.001,False
ORC-Tabu,cifar10,100,26,80.0663,19.9337,100,0.005,False
ORC-Tabu,cifar10,100,31,80.0663,19.9337,100,0.001,False
ORC-Tabu,cifar10,100,28,74.9954,25.0046,100,0.004,False
ORC-Tabu,cifar10,100,33,80.0663,19.9337,100,0.04,False
ORC-RE,cifar10,100,55,80.0663,19.9337,100,10.458,False
ORC-Tabu,cifar10,100,14,80.0663,19.9337,100,0.012,False
ORC-Tabu,cifar10,100,30,80.0663,19.9337,100,0.001,False
ORC-Tabu,cifar10,100,20,75.0109,24.9891,100,0.001,False
ORC-RE,cifar10,100,48,80.0663,19.9337,100,10.38,False
ORC-Tabu,cifar10,100,37,75.0109,24.9891,100,0.001,False
ORC-Tabu,cifar10,100,34,80.0663,19.9337,100,0.001,False
ORC-Tabu,cifar10,100,32,74.9956,25.0044,100,0.001,False
ORC-Tabu,cifar10,100,36,80.0663,19.9337,100,0.001,False
ORC-RE,cifar10,100,75,75.004,24.996,100,10.599,False
ORC-Tabu,cifar10,100,39,80.0663,19.9337,100,0.001,False
ORC-Tabu,cifar10,100,38,80.0663,19.9337,100,0.001,False
ORC-Tabu,cifar10,100,40,74.9954,25.0046,100,0.001,False
ORC-Tabu,cifar10,100,45,80.0663,19.9337,100,0.001,False
ORC-Tabu,cifar10,100,44,75.082,24.918,100,0.001,False
ORC-Tabu,cifar10,100,46,80.0663,19.9337,100,0.001,False
ORC-Tabu,cifar10,100,50,74.9839,25.0161,100,0.001,False
ORC-RE,cifar10,100,17,75.0473,24.9527,100,10.912,False
ORC-Tabu,cifar10,100,48,80.0663,19.9337,100,0.001,False
ORC-Tabu,cifar10,100,42,80.0663,19.9337,100,0.001,False
ORC-Tabu,cifar10,100,49,80.0663,19.9337,100,0.001,False
ORC-RE,cifar10,100,81,80.0663,19.9337,100,10.609,False
ORC-Tabu,cifar10,100,51,80.0663,19.9337,100,0.001,False
ORC-Tabu,cifar10,100,53,80.0663,19.9337,100,0.001,False
ORC-Tabu,cifar10,100,35,80.0663,19.9337,100,0.415,False
ORC-RE,cifar10,100,25,80.0663,19.9337,100,10.989,False
ORC-RE,cifar10,100,33,78.0293,21.9707,100,11.156,False
ORC-Tabu,cifar10,100,47,80.0663,19.9337,100,0.009,False
ORC-Tabu,cifar10,100,24,80.0663,19.9337,100,0.88,False
ORC-RE,cifar10,100,82,74.9292,25.0708,100,10.861,False
ORC-Tabu,cifar10,100,64,80.0663,19.9337,100,0.001,False
ORC-Tabu,cifar10,100,41,80.0663,19.9337,100,0.001,False
ORC-Tabu,cifar10,100,54,80.0663,19.9337,100,0.001,False
ORC-RE,cifar10,100,49,75.0473,24.9527,100,11.195,False
ORC-Tabu,cifar10,100,55,80.0663,19.9337,100,0.001,False
ORC-Tabu,cifar10,100,56,80.0663,19.9337,100,0.001,False
ORC-Tabu,cifar10,100,57,75.0112,24.9888,100,0.001,False
ORC-Tabu,cifar10,100,43,75.0263,24.9737,100,0.001,False
ORC-RE,cifar10,100,0,75.0112,24.9888,100,11.323,False
ORC-Tabu,cifar10,100,60,75.0088,24.9912,100,0.001,False
ORC-Tabu,cifar10,100,61,74.9839,25.0161,100,0.001,False
ORC-RE,cifar10,100,53,80.0663,19.9337,100,11.47,False
ORC-Tabu,cifar10,100,62,80.0663,19.9337,100,0.004,False
ORC-Tabu,cifar10,100,65,80.0663,19.9337,100,0.001,False
ORC-Tabu,cifar10,100,67,75.0473,24.9527,100,0.001,False
ORC-Tabu,cifar10,100,66,80.0663,19.9337,100,0.001,False
ORC-Tabu,cifar10,100,69,80.0663,19.9337,100,0.001,False
ORC-Tabu,cifar10,100,68,80.0663,19.9337,100,0.001,False
ORC-Tabu,cifar10,100,78,74.9935,25.0065,100,0.005,False
ORC-Tabu,cifar10,100,71,80.0663,19.9337,100,0.001,False
ORC-Tabu,cifar10,100,70,75.0088,24.9912,100,0.001,False
ORC-Tabu,cifar10,100,74,74.9839,25.0161,100,0.001,False
ORC-RE,cifar10,100,58,75.0015,24.9985,100,11.385,False
ORC-Tabu,cifar10,100,75,89.9837,10.0163,100,0.001,False
ORC-Tabu,cifar10,100,76,80.0663,19.9337,100,0.001,False
ORC-Tabu,cifar10,100,72,75.004,24.996,100,0.001,False
ORC-Tabu,cifar10,100,79,80.0663,19.9337,100,0.001,False
ORC-RE,cifar10,100,22,80.0663,19.9337,100,11.704,False
ORC-Tabu,cifar10,100,80,80.0663,19.9337,100,0.001,False
ORC-RE,cifar10,100,45,75.004,24.996,100,11.399,False
ORC-Tabu,cifar10,100,83,80.0663,19.9337,100,0.001,False
ORC-Tabu,cifar10,100,82,80.0663,19.9337,100,0.001,False
ORC-RE,cifar10,100,96,75.082,24.918,100,11.1,False
ORC-Tabu,cifar10,100,77,78.0293,21.9707,100,0.004,False
ORC-Tabu,cifar10,100,73,80.0663,19.9337,100,0.001,False
ORC-Tabu,cifar10,100,91,80.0663,19.9337,100,0.001,False
ORC-Tabu,cifar10,100,59,80.0663,19.9337,100,0.013,False
ORC-Tabu,cifar10,100,81,75.0473,24.9527,100,0.001,False
ORC-Tabu,cifar10,100,86,80.0663,19.9337,100,0.005,False
ORC-Tabu,cifar10,100,84,80.0663,19.9337,100,0.005,False
ORC-Tabu,cifar10,100,85,80.0663,19.9337,100,0.038,False
ORC-Tabu,cifar10,100,99,75.004,24.996,100,0.001,False
ORC-Tabu,cifar10,100,63,80.0663,19.9337,100,0.686,False
ORC-Tabu,cifar10,100,88,80.0663,19.9337,100,0.001,False
ORC-Tabu,cifar10,100,89,75.0263,24.9737,100,0.001,False
ORC-Tabu,cifar10,100,87,75.0088,24.9912,100,0.005,False
ORC-Tabu,cifar10,100,58,80.0663,19.9337,100,0.608,False
ORC-RE,cifar10,100,8,74.9451,25.0549,100,12.013,False
ORC-Tabu,cifar10,100,93,74.9954,25.0046,100,0.001,False
Random,cifar10,200,5,70.0146,29.9854,200,0.002,False
ORC-Tabu,cifar10,100,95,75.0473,24.9527,100,0.001,False
ORC-Tabu,cifar10,100,96,80.0663,19.9337,100,0.001,False
ORC-Tabu,cifar10,100,97,80.0663,19.9337,100,0.004,False
ORC-Tabu,cifar10,100,98,80.0663,19.9337,100,0.001,False
ORC-RE,cifar10,100,67,75.004,24.996,100,12.085,False
ORC-Tabu,cifar10,100,94,75.0764,24.9236,100,0.008,False
Random,cifar10,200,11,76.0475,23.9525,200,0.002,False
Random,cifar10,200,0,76.0475,23.9525,199,0.002,False
Random,cifar10,200,7,70.076,29.924,199,0.006,False
Random,cifar10,200,9,75.0015,24.9985,197,0.002,False
Random,cifar10,200,19,70.0042,29.9958,199,0.002,False
ORC-RE,cifar10,100,10,80.0663,19.9337,100,12.279,False
Random,cifar10,200,8,70.0345,29.9655,200,0.002,False
ORC-Tabu,cifar10,100,52,80.0663,19.9337,100,0.965,False
Random,cifar10,200,26,75.0764,24.9236,197,0.002,False
Random,cifar10,200,10,70.0687,29.9313,198,0.002,False
Random,cifar10,200,1,75.082,24.918,197,0.002,False
Random,cifar10,200,13,74.9935,25.0065,197,0.002,False
Random,cifar10,200,12,70.0687,29.9313,198,0.005,False
Random,cifar10,200,15,74.9954,25.0046,198,0.006,False
Random,cifar10,200,14,70.1027,29.8973,199,0.002,False
Random,cifar10,200,3,69.9931,30.0069,199,0.011,False
Random,cifar10,200,16,70.0089,29.9911,199,0.044,False
Random,cifar10,200,18,70.1459,29.8541,198,0.001,False
Random,cifar10,200,4,70.0616,29.9384,200,0.043,False
Random,cifar10,200,24,74.9734,25.0266,199,0.002,False
Random,cifar10,200,17,70.0835,29.9165,199,0.009,False
Random,cifar10,200,22,70.0528,29.9472,198,0.002,False
Random,cifar10,200,21,70.1027,29.8973,196,0.005,False
Random,cifar10,200,30,78.0293,21.9707,198,0.002,False
Random,cifar10,200,23,69.9793,30.0207,198,0.002,False
Random,cifar10,200,2,70.0367,29.9633,198,0.001,False
Random,cifar10,200,20,76.0475,23.9525,197,0.012,False
Random,cifar10,200,27,80.0663,19.9337,200,0.002,False
Random,cifar10,200,45,70.0247,29.9753,200,0.002,False
Random,cifar10,200,25,70.0807,29.9193,200,0.005,False
Random,cifar10,200,38,75.1008,24.8992,199,0.002,False
Random,cifar10,200,6,70.035,29.965,199,0.002,False
Random,cifar10,200,29,65.086,34.914,199,0.006,False
Random,cifar10,200,31,74.9837,25.0163,200,0.002,False
Random,cifar10,200,49,69.9777,30.0223,199,0.007,False
Random,cifar10,200,32,70.0431,29.9569,200,0.002,False
Random,cifar10,200,34,75.0069,24.9931,198,0.002,False
Random,cifar10,200,35,70.0431,29.9569,200,0.005,False
Random,cifar10,200,37,70.1576,29.8424,199,0.002,False
Random,cifar10,200,36,70.0606,29.9394,198,0.002,False
Random,cifar10,200,40,70.0731,29.9269,198,0.04,False
Random,cifar10,200,39,70.1049,29.8951,198,0.007,False
Random,cifar10,200,33,69.9622,30.0378,200,0.002,False
Random,cifar10,200,28,70.0615,29.9385,200,0.006,False
Random,cifar10,200,42,69.9793,30.0207,200,0.005,False
Random,cifar10,200,43,70.0104,29.9896,196,0.006,False
Random,cifar10,200,54,69.9916,30.0084,198,0.002,False
ORC-RE,cifar10,100,74,75.0069,24.9931,100,12.491,False
Random,cifar10,200,56,74.9839,25.0161,197,0.002,False
ORC-RE,cifar10,100,86,75.0088,24.9912,100,12.184,False
Random,cifar10,200,50,74.9954,25.0046,199,0.005,False
Random,cifar10,200,48,74.9658,25.0342,200,0.002,False
Random,cifar10,200,47,75.0015,24.9985,198,0.005,False
Random,cifar10,200,64,70.0505,29.9495,199,0.009,False
Random,cifar10,200,65,70.0835,29.9165,199,0.003,False
Random,cifar10,200,53,70.0367,29.9633,200,0.043,False
Random,cifar10,200,41,69.9582,30.0418,198,0.044,False
Random,cifar10,200,46,80.0663,19.9337,200,0.01,False
Random,cifar10,200,55,75.0473,24.9527,200,0.002,False
Random,cifar10,200,44,70.0687,29.9313,200,0.002,False
Random,cifar10,200,74,74.9658,25.0342,198,0.002,False
Random,cifar10,200,58,75.0109,24.9891,196,0.002,False
Random,cifar10,200,59,69.9651,30.0349,199,0.006,False
Random,cifar10,200,66,74.9632,25.0368,200,0.047,False
Random,cifar10,200,61,70.0158,29.9842,199,0.044,False
Random,cifar10,200,62,70.0758,29.9242,198,0.007,False
Random,cifar10,200,63,70.0684,29.9316,199,0.002,False
Random,cifar10,200,60,70.006,29.994,200,0.009,False
Random,cifar10,200,67,70.1047,29.8953,199,0.005,False
Random,cifar10,200,51,75.0473,24.9527,196,0.014,False
Random,cifar10,200,52,69.9529,30.0471,196,0.002,False
Random,cifar10,200,80,69.9573,30.0427,199,0.002,False
ORC-Tabu,cifar10,100,92,98.9577,1.0423,100,0.81,False
Random,cifar10,200,72,70.0615,29.9385,199,0.002,False
Random,cifar10,200,71,75.1008,24.8992,200,0.006,False
Random,cifar10,200,70,70.0687,29.9313,200,0.005,False
Random,cifar10,200,68,70.1049,29.8951,199,0.001,False
Random,cifar10,200,76,70.1549,29.8451,198,0.005,False
Random,cifar10,200,69,70.0417,29.9583,197,0.007,False
ORC-RE,cifar10,100,79,74.9658,25.0342,100,12.815,False
Random,cifar10,200,77,70.0017,29.9983,198,0.002,False
Random,cifar10,200,86,70.0528,29.9472,200,0.002,False
ORC-RE,cifar10,100,5,80.0663,19.9337,100,12.993,False
Random,cifar10,200,79,70.1049,29.8951,199,0.002,False
Random,cifar10,200,97,70.0121,29.9879,200,0.002,False
Random,cifar10,200,78,70.058,29.942,198,0.002,False
Random,cifar10,200,81,70.0156,29.9844,200,0.005,False
ORC-RE,cifar10,100,91,75.0764,24.9236,100,12.809,False
Random,cifar10,200,73,70.0697,29.9303,199,0.002,False
Random,cifar10,200,84,75.1008,24.8992,199,0.005,False
Random,cifar10,200,75,70.0505,29.9495,199,0.002,False
Random,cifar10,200,57,69.9829,30.0171,198,0.001,False
Random,cifar10,200,89,70.0458,29.9542,200,0.002,False
Random,cifar10,200,90,98.9577,1.0423,200,0.005,False
Random,cifar10,200,83,70.0835,29.9165,199,0.002,False
Random,cifar10,200,88,74.9292,25.0708,200,0.005,False
Random,cifar10,200,93,70.025,29.975,198,0.002,False
RE,cifar10,200,7,80.0663,19.9337,200,0.014,False
Random,cifar10,200,91,70.0622,29.9378,198,0.009,False
Random,cifar10,200,92,82.0162,17.9838,199,0.005,False
Random,cifar10,200,87,69.9788,30.0212,198,0.002,False
Random,cifar10,200,82,69.995,30.005,199,0.002,False
Random,cifar10,200,94,70.0226,29.9774,198,0.045,False
Random,cifar10,200,99,75.0764,24.9236,200,0.036,False
ORC-RE,cifar10,100,62,75.0473,24.9527,100,13.407,False
RE,cifar10,200,10,80.0663,19.9337,200,0.013,False
RE,cifar10,200,3,80.0663,19.9337,200,0.012,False
RE,cifar10,200,1,80.0663,19.9337,200,0.028,False
RE,cifar10,200,0,80.0663,19.9337,200,0.03,False
RE,cifar10,200,2,80.0663,19.9337,200,0.071,False
Random,cifar10,200,85,70.0269,29.9731,199,0.002,False
RE,cifar10,200,6,80.0663,19.9337,200,0.029,False
RE,cifar10,200,4,80.0663,19.9337,200,0.029,False
ORC-RE,cifar10,100,27,80.0663,19.9337,100,13.576,False
Random,cifar10,200,98,69.9578,30.0422,200,0.009,False
RE,cifar10,200,23,80.0663,19.9337,200,0.015,False
RE,cifar10,200,8,80.0663,19.9337,200,0.033,False
Random,cifar10,200,96,74.9956,25.0044,199,0.01,False
RE,cifar10,200,9,80.0663,19.9337,200,0.028,False
RE,cifar10,200,12,80.0663,19.9337,200,0.061,False
RE,cifar10,200,15,80.0663,19.9337,200,0.028,False
RE,cifar10,200,16,80.0663,19.9337,200,0.028,False
ORC-RE,cifar10,100,36,74.9954,25.0046,100,13.311,False
RE,cifar10,200,11,80.0663,19.9337,200,0.032,False
RE,cifar10,200,5,80.0663,19.9337,200,0.025,False
ORC-RE,cifar10,100,15,75.0263,24.9737,100,13.621,False
RE,cifar10,200,14,82.0162,17.9838,200,0.038,False
ORC-RE,cifar10,100,23,80.0663,19.9337,100,13.739,False
RE,cifar10,200,18,80.0663,19.9337,200,0.063,False
ORC-RE,cifar10,100,38,75.0088,24.9912,100,13.288,False
RE,cifar10,200,20,80.0663,19.9337,200,0.066,False
RE,cifar10,200,25,80.0663,19.9337,200,0.023,False
Random,cifar10,200,95,74.9954,25.0046,200,0.013,False
RE,cifar10,200,22,80.0663,19.9337,200,0.029,False
RE,cifar10,200,19,80.0663,19.9337,200,0.077,False
RE,cifar10,200,27,80.0663,19.9337,200,0.033,False
RE,cifar10,200,41,80.0663,19.9337,200,0.012,False
RE,cifar10,200,24,80.0663,19.9337,200,0.041,False
RE,cifar10,200,29,80.0663,19.9337,200,0.026,False
RE,cifar10,200,31,80.0663,19.9337,200,0.069,False
RE,cifar10,200,21,80.0663,19.9337,200,0.061,False
RE,cifar10,200,40,80.0663,19.9337,200,0.064,False
RE,cifar10,200,33,80.0663,19.9337,200,0.062,False
RE,cifar10,200,28,80.0663,19.9337,200,0.082,False
RE,cifar10,200,34,80.0663,19.9337,200,0.033,False
RE,cifar10,200,32,80.0663,19.9337,200,0.072,False
RE,cifar10,200,51,80.0663,19.9337,200,0.014,False
RE,cifar10,200,26,80.0663,19.9337,200,0.052,False
RE,cifar10,200,35,80.0663,19.9337,200,0.036,False
ORC-RE,cifar10,100,9,80.0663,19.9337,100,13.891,False
RE,cifar10,200,42,80.0663,19.9337,200,0.026,False
RE,cifar10,200,63,80.0663,19.9337,200,0.015,False
RE,cifar10,200,37,80.0663,19.9337,200,0.03,False
RE,cifar10,200,44,80.0663,19.9337,200,0.034,False
RE,cifar10,200,62,80.0663,19.9337,200,0.018,False
RE,cifar10,200,45,80.0663,19.9337,200,0.024,False
RE,cifar10,200,17,80.0663,19.9337,200,0.083,False
RE,cifar10,200,38,80.0663,19.9337,200,0.089,False
RE,cifar10,200,30,80.0663,19.9337,200,0.098,False
RE,cifar10,200,46,80.0663,19.9337,200,0.027,False
RE,cifar10,200,13,80.0663,19.9337,200,0.087,False
RE,cifar10,200,48,80.0663,19.9337,200,0.046,False
RE,cifar10,200,47,80.0663,19.9337,200,0.041,False
RE,cifar10,200,52,80.0663,19.9337,200,0.028,False
RE,cifar10,200,50,80.0663,19.9337,200,0.037,False
RE,cifar10,200,39,80.0663,19.9337,200,0.029,False
RE,cifar10,200,72,80.0663,19.9337,200,0.021,False
RE,cifar10,200,53,80.0663,19.9337,200,0.029,False
RE,cifar10,200,67,80.0663,19.9337,200,0.031,False
RE,cifar10,200,49,80.0663,19.9337,200,0.036,False
RE,cifar10,200,54,80.0663,19.9337,200,0.067,False
RE,cifar10,200,56,80.0663,19.9337,200,0.06,False
RE,cifar10,200,59,80.0663,19.9337,200,0.059,False
RE,cifar10,200,61,80.0663,19.9337,200,0.062,False
RE,cifar10,200,43,80.0663,19.9337,200,0.079,False
RE,cifar10,200,58,80.0663,19.9337,200,0.075,False
RE,cifar10,200,64,80.0663,19.9337,200,0.03,False
RE,cifar10,200,57,80.0663,19.9337,200,0.018,False
ORC-RE,cifar10,100,35,76.0475,23.9525,100,13.922,False
RE,cifar10,200,80,80.0663,19.9337,200,0.015,False
RE,cifar10,200,65,80.0663,19.9337,200,0.03,False
RE,cifar10,200,68,80.0663,19.9337,200,0.064,False
RE,cifar10,200,60,80.0663,19.9337,200,0.081,False
RE,cifar10,200,36,80.0663,19.9337,200,0.092,False
RE,cifar10,200,70,80.0663,19.9337,200,0.067,False
RE,cifar10,200,71,80.0663,19.9337,200,0.061,False
ORC-RE,cifar10,100,42,75.004,24.996,100,13.791,False
RE,cifar10,200,77,80.0663,19.9337,200,0.024,False
RE,cifar10,200,92,82.0162,17.9838,200,0.014,False
RE,cifar10,200,74,80.0663,19.9337,200,0.029,False
RE,cifar10,200,66,80.0663,19.9337,200,0.047,False
RE,cifar10,200,75,80.0663,19.9337,200,0.068,False
RE,cifar10,200,94,80.0663,19.9337,200,0.012,False
RE,cifar10,200,69,80.0663,19.9337,200,0.023,False
RE,cifar10,200,79,80.0663,19.9337,200,0.023,False
Tabu,cifar10,200,3,80.0663,19.9337,200,0.003,False
RE,cifar10,200,78,80.0663,19.9337,200,0.029,False
RE,cifar10,200,73,80.0663,19.9337,200,0.079,False
Tabu,cifar10,200,5,80.0663,19.9337,200,0.002,False
RE,cifar10,200,81,80.0663,19.9337,200,0.031,False
RE,cifar10,200,83,80.0663,19.9337,200,0.032,False
ORC-RE,cifar10,100,65,80.0663,19.9337,100,14.051,False
RE,cifar10,200,89,80.0663,19.9337,200,0.02,False
RE,cifar10,200,87,80.0663,19.9337,200,0.029,False
RE,cifar10,200,93,80.0663,19.9337,200,0.028,False
RE,cifar10,200,85,80.0663,19.9337,200,0.064,False
RE,cifar10,200,88,80.0663,19.9337,200,0.024,False
RE,cifar10,200,86,80.0663,19.9337,200,0.039,False
RE,cifar10,200,91,80.0663,19.9337,200,0.036,False
Tabu,cifar10,200,1,80.0663,19.9337,200,0.006,False
RE,cifar10,200,96,80.0663,19.9337,200,0.028,False
Tabu,cifar10,200,2,80.0663,19.9337,200,0.006,False
RE,cifar10,200,97,89.9837,10.0163,200,0.067,False
RE,cifar10,200,76,80.0663,19.9337,200,0.078,False
ORC-RE,cifar10,100,44,80.0663,19.9337,100,14.189,False
RE,cifar10,200,95,80.0663,19.9337,200,0.087,False
Tabu,cifar10,200,4,80.0663,19.9337,200,0.003,False
RE,cifar10,200,84,82.0162,17.9838,200,0.059,False
RE,cifar10,200,99,80.0663,19.9337,200,0.069,False
RE,cifar10,200,98,80.0663,19.9337,200,0.069,False
Tabu,cifar10,200,6,80.0663,19.9337,200,0.008,False
Tabu,cifar10,200,13,80.0663,19.9337,200,0.002,False
Tabu,cifar10,200,24,80.0663,19.9337,200,0.003,False
Tabu,cifar10,200,7,80.0663,19.9337,200,0.002,False
Tabu,cifar10,200,18,80.0663,19.9337,200,0.003,False
Tabu,cifar10,200,14,80.0663,19.9337,200,0.007,False
Tabu,cifar10,200,10,80.0663,19.9337,200,0.003,False
Tabu,cifar10,200,11,80.0663,19.9337,200,0.007,False
Tabu,cifar10,200,15,80.0663,19.9337,200,0.006,False
Tabu,cifar10,200,0,80.0663,19.9337,200,0.002,False
Tabu,cifar10,200,17,80.0663,19.9337,200,0.002,False
RE,cifar10,200,90,80.0663,19.9337,200,0.075,False
Tabu,cifar10,200,22,80.0663,19.9337,200,0.002,False
Tabu,cifar10,200,19,80.0663,19.9337,200,0.002,False
Tabu,cifar10,200,21,80.0663,19.9337,200,0.009,False
Tabu,cifar10,200,40,80.0663,19.9337,200,0.002,False
RE,cifar10,200,55,80.0663,19.9337,200,0.154,False
Tabu,cifar10,200,16,80.0663,19.9337,200,0.002,False
Tabu,cifar10,200,25,80.0663,19.9337,200,0.002,False
RE,cifar10,200,82,80.0663,19.9337,200,0.083,False
Tabu,cifar10,200,48,80.0663,19.9337,200,0.002,False
Tabu,cifar10,200,20,80.0663,19.9337,200,0.002,False
Tabu,cifar10,200,26,80.0663,19.9337,200,0.007,False
Tabu,cifar10,200,27,80.0663,19.9337,200,0.007,False
Tabu,cifar10,200,47,80.0663,19.9337,200,0.007,False
Tabu,cifar10,200,12,80.0663,19.9337,200,0.011,False
ORC-RE,cifar10,100,52,76.0475,23.9525,100,14.319,False
Tabu,cifar10,200,23,80.0663,19.9337,200,0.002,False
ORC-RE,cifar10,100,90,80.0663,19.9337,100,14.095,False
Tabu,cifar10,200,30,80.0663,19.9337,200,0.002,False
Tabu,cifar10,200,32,80.0663,19.9337,200,0.001,False
Tabu,cifar10,200,29,80.0663,19.9337,200,0.043,False
Tabu,cifar10,200,31,80.0663,19.9337,200,0.006,False
Tabu,cifar10,200,28,80.0663,19.9337,200,0.002,False
Tabu,cifar10,200,36,80.0663,19.9337,200,0.002,False
Tabu,cifar10,200,37,80.0663,19.9337,200,0.002,False
Tabu,cifar10,200,35,80.0663,19.9337,200,0.007,False
Tabu,cifar10,200,9,80.0663,19.9337,200,0.013,False
Tabu,cifar10,200,34,80.0663,19.9337,200,0.003,False
Tabu,cifar10,200,38,80.0663,19.9337,200,0.007,False
Tabu,cifar10,200,43,80.0663,19.9337,200,0.006,False
Tabu,cifar10,200,45,80.0663,19.9337,200,0.003,False
Tabu,cifar10,200,46,80.0663,19.9337,200,0.005,False
Tabu,cifar10,200,44,80.0663,19.9337,200,0.006,False
Tabu,cifar10,200,42,80.0663,19.9337,200,0.006,False
Tabu,cifar10,200,66,80.0663,19.9337,200,0.041,False
Tabu,cifar10,200,49,80.0663,19.9337,200,0.002,False
Tabu,cifar10,200,50,80.0663,19.9337,200,0.044,False
Tabu,cifar10,200,51,80.0663,19.9337,200,0.002,False
Tabu,cifar10,200,8,80.0663,19.9337,200,0.059,False
ORC-RE,cifar10,100,95,76.0475,23.9525,100,14.262,False
ORC-RE,cifar10,100,76,76.0475,23.9525,100,14.396,False
Tabu,cifar10,200,33,80.0663,19.9337,200,0.006,False
Tabu,cifar10,200,52,80.0663,19.9337,200,0.003,False
Tabu,cifar10,200,53,80.0663,19.9337,200,0.006,False
Tabu,cifar10,200,61,80.0663,19.9337,200,0.002,False
Tabu,cifar10,200,54,80.0663,19.9337,200,0.008,False
Tabu,cifar10,200,56,80.0663,19.9337,200,0.006,False
Tabu,cifar10,200,39,80.0663,19.9337,200,0.047,False
Tabu,cifar10,200,41,80.0663,19.9337,200,0.002,False
Tabu,cifar10,200,58,80.0663,19.9337,200,0.003,False
ORC-RE,cifar10,100,78,80.0663,19.9337,100,14.673,False
Tabu,cifar10,200,59,80.0663,19.9337,200,0.002,False
Tabu,cifar10,200,60,80.0663,19.9337,200,0.005,False
Tabu,cifar10,200,64,80.0663,19.9337,200,0.005,False
Tabu,cifar10,200,63,80.0663,19.9337,200,0.003,False
Tabu,cifar10,200,91,80.0663,19.9337,200,0.002,False
Tabu,cifar10,200,67,80.0663,19.9337,200,0.006,False
Tabu,cifar10,200,68,80.0663,19.9337,200,0.002,False
Tabu,cifar10,200,97,80.0663,19.9337,200,0.002,False
Tabu,cifar10,200,69,80.0663,19.9337,200,0.002,False
Tabu,cifar10,200,70,80.0663,19.9337,200,0.005,False
ORC-RE,cifar10,100,83,75.0112,24.9888,100,14.394,False
Tabu,cifar10,200,74,80.0663,19.9337,200,0.005,False
Tabu,cifar10,200,77,80.0663,19.9337,200,0.002,False
Tabu,cifar10,200,78,80.0663,19.9337,200,0.002,False
Tabu,cifar10,200,75,98.9577,1.0423,200,0.002,False
Tabu,cifar10,200,76,80.0663,19.9337,200,0.005,False
Tabu,cifar10,200,81,80.0663,19.9337,200,0.005,False
Tabu,cifar10,200,80,80.0663,19.9337,200,0.005,False
Tabu,cifar10,200,57,80.0663,19.9337,200,0.002,False
Tabu,cifar10,200,55,80.0663,19.9337,200,0.002,False
Tabu,cifar10,200,85,80.0663,19.9337,200,0.002,False
Tabu,cifar10,200,82,80.0663,19.9337,200,0.007,False
Tabu,cifar10,200,88,80.0663,19.9337,200,0.005,False
Tabu,cifar10,200,84,80.0663,19.9337,200,0.006,False
Tabu,cifar10,200,79,80.0663,19.9337,200,0.055,False
Tabu,cifar10,200,86,80.0663,19.9337,200,0.003,False
ORC-RE,cifar10,100,31,75.0473,24.9527,100,15.163,False
Tabu,cifar10,200,87,80.0663,19.9337,200,0.005,False
Tabu,cifar10,200,89,80.0663,19.9337,200,0.005,False
Tabu,cifar10,200,90,80.0663,19.9337,200,0.008,False
Tabu,cifar10,200,65,80.0663,19.9337,200,0.009,False
Tabu,cifar10,200,93,80.0663,19.9337,200,0.006,False
Tabu,cifar10,200,92,98.9577,1.0423,200,0.006,False
Tabu,cifar10,200,94,80.0663,19.9337,200,0.006,False
Tabu,cifar10,200,73,80.0663,19.9337,200,0.002,False
Tabu,cifar10,200,96,80.0663,19.9337,200,0.005,False
Tabu,cifar10,200,99,80.0663,19.9337,200,0.002,False
Tabu,cifar10,200,72,80.0663,19.9337,200,0.01,False
Tabu,cifar10,200,98,80.0663,19.9337,200,0.046,False
Tabu,cifar10,200,83,80.0663,19.9337,200,0.045,False
Tabu,cifar10,200,71,80.0663,19.9337,200,0.011,False
Tabu,cifar10,200,95,80.0663,19.9337,200,0.005,False
Tabu,cifar10,200,62,80.0663,19.9337,200,0.002,False
ORC-RE,cifar10,100,26,80.0663,19.9337,100,15.742,False
ORC-RE,cifar10,100,63,74.9839,25.0161,100,15.477,False
ORC-RE,cifar10,100,97,80.0663,19.9337,100,15.169,False
ORC-RE,cifar10,100,54,74.9734,25.0266,100,15.676,False
ORC-RE,cifar10,100,85,75.0263,24.9737,100,15.407,False
ORC-RE,cifar10,100,12,80.0663,19.9337,100,16.417,False
ORC-RE,cifar10,100,14,80.0663,19.9337,100,16.808,False
ORC-RE,cifar10,100,72,80.0663,19.9337,100,16.789,False
ORC-RE,cifar10,100,1,80.0663,19.9337,100,16.976,False
ORC-RE,cifar10,100,59,78.0293,21.9707,100,17.119,False
ORC-RE,cifar10,100,71,74.9734,25.0266,100,16.925,False
ORC-RE,cifar10,100,4,80.0663,19.9337,100,17.442,False
ORC-RE,cifar10,100,89,80.0663,19.9337,100,16.827,False
ORC-RE,cifar10,100,34,75.004,24.996,100,17.471,False
ORC-RE,cifar10,100,18,80.0663,19.9337,100,17.723,False
ORC-RE,cifar10,100,70,80.0663,19.9337,100,17.19,False
ORC-RE,cifar10,100,64,75.0088,24.9912,100,18.095,False
ORC-RE,cifar10,100,40,80.0663,19.9337,100,18.107,False
ORC-RE,cifar10,100,88,80.0663,19.9337,100,17.982,False
ORC-RE,cifar10,100,61,75.0263,24.9737,100,18.281,False
ORC-RE,cifar10,100,30,80.0663,19.9337,100,18.689,False
ORC-RE,cifar10,100,80,80.0663,19.9337,100,18.009,False
ORC-RE,cifar10,100,87,75.0069,24.9931,100,18.298,False
ORC-RE,cifar10,100,6,80.0663,19.9337,100,19.207,False
ORC-RE,cifar10,100,39,78.0293,21.9707,100,18.913,False
ORC-RE,cifar10,100,20,78.0293,21.9707,100,19.014,False
ORC-RE,cifar10,100,50,80.0663,19.9337,100,19.517,False
ORC-RE,cifar10,100,29,75.0109,24.9891,100,19.512,False
ORC-RE,cifar10,100,47,80.0663,19.9337,100,19.409,False
ORC-RE,cifar10,100,77,80.0663,19.9337,100,19.384,False
ORC-RE,cifar10,100,2,80.0663,19.9337,100,20.116,False
ORC-RE,cifar10,100,19,80.0663,19.9337,100,20.439,False
ORC-RE,cifar10,100,7,75.0473,24.9527,100,20.818,False
ORC-RE,cifar10,100,92,82.0162,17.9838,100,20.615,False
ORC-RE,cifar10,100,57,80.0663,19.9337,100,21.207,False
ORC-RE,cifar10,100,28,78.0293,21.9707,100,21.264,False
ORC-RE,cifar10,100,32,75.0015,24.9985,100,21.307,False
ORC-RE,cifar10,100,13,80.0663,19.9337,100,21.725,False
ORC-RE,cifar10,100,16,74.9734,25.0266,100,22.219,False
ORC-RE,cifar10,100,84,75.0473,24.9527,100,21.705,False
ORC-RE,cifar10,100,60,80.0663,19.9337,100,22.3,False
ORC-RE,cifar10,100,41,75.004,24.996,100,22.132,False
ORC-RE,cifar10,100,68,75.0473,24.9527,100,22.676,False
ORC-RE,cifar10,100,3,75.0764,24.9236,100,23.212,False
ORC-RE,cifar10,100,24,80.0663,19.9337,100,23.019,False
ORC-RE,cifar10,100,46,74.9954,25.0046,100,25.151,False
ORC-RE,cifar10,100,93,75.0473,24.9527,100,26.766,False
ORC-RE,cifar10,100,66,80.0663,19.9337,100,27.402,False
ORC-RE,cifar10,200,14,89.9837,10.0163,200,42.833,False
ORC-RE,cifar10,200,23,98.9577,1.0423,200,45.9,False
ORC-RE,cifar10,200,25,89.9837,10.0163,200,48.646,False
ORC-RE,cifar10,200,91,80.0663,19.9337,200,41.501,False
ORC-RE,cifar10,200,51,98.9577,1.0423,200,49.696,False
ORC-RE,cifar10,200,12,89.9837,10.0163,200,51.375,False
ORC-RE,cifar10,200,70,80.0663,19.9337,200,49.473,False
ORC-RE,cifar10,200,75,80.0663,19.9337,200,49.595,False
ORC-RE,cifar10,200,6,80.0663,19.9337,200,54.627,False
ORC-RE,cifar10,200,13,98.9577,1.0423,200,54.964,False
ORC-RE,cifar10,200,74,82.0162,17.9838,200,51.425,False
ORC-RE,cifar10,200,3,80.0663,19.9337,200,57.681,False
ORC-RE,cifar10,200,98,89.9837,10.0163,200,45.089,False
ORC-RE,cifar10,200,89,82.0162,17.9838,200,51.679,False
ORC-RE,cifar10,200,93,80.0663,19.9337,200,52.331,False
ORC-RE,cifar10,200,11,82.0162,17.9838,200,60.279,False
ORC-RE,cifar10,200,82,98.9577,1.0423,200,55.318,False
ORC-RE,cifar10,200,42,89.9837,10.0163,200,61.339,False
ORC-RE,cifar10,200,64,80.0663,19.9337,200,58.984,False
ORC-RE,cifar10,200,36,89.9837,10.0163,200,64.001,False
ORC-RE,cifar10,200,86,80.0663,19.9337,200,57.99,False
ORC-RE,cifar10,200,32,80.0663,19.9337,200,64.255,False
ORC-RE,cifar10,200,69,98.9577,1.0423,200,61.328,False
ORC-RE,cifar10,200,37,80.0663,19.9337,200,64.897,False
ORC-RE,cifar10,200,8,80.0663,19.9337,200,65.107,False
ORC-RE,cifar10,200,54,80.0663,19.9337,200,64.08,False
ORC-RE,cifar10,200,68,82.0162,17.9838,200,62.26,False
ORC-RE,cifar10,200,92,82.0162,17.9838,200,58.793,False
ORC-RE,cifar10,200,79,98.9577,1.0423,200,61.12,False
ORC-RE,cifar10,200,1,82.0162,17.9838,200,66.509,False
ORC-RE,cifar10,200,80,82.0162,17.9838,200,61.202,False
ORC-RE,cifar10,200,52,98.9577,1.0423,200,66.041,False
ORC-RE,cifar10,200,31,80.0663,19.9337,200,69.676,False
ORC-RE,cifar10,200,15,82.0162,17.9838,200,70.205,False
ORC-RE,cifar10,200,58,80.0663,19.9337,200,68.291,False
ORC-RE,cifar10,200,21,82.0162,17.9838,200,71.559,False
ORC-RE,cifar10,200,43,89.9837,10.0163,200,71.705,False
ORC-RE,cifar10,200,60,80.0663,19.9337,200,70.851,False
ORC-RE,cifar10,200,49,80.0663,19.9337,200,72.91,False
ORC-RE,cifar10,200,61,82.0162,17.9838,200,71.211,False
ORC-RE,cifar10,200,87,80.0663,19.9337,200,69.059,False
ORC-RE,cifar10,200,81,82.0162,17.9838,200,75.156,False
ORC-RE,cifar10,200,26,80.0663,19.9337,200,79.975,False
ORC-RE,cifar10,200,59,89.9837,10.0163,200,78.584,False
ORC-RE,cifar10,200,44,98.9577,1.0423,200,81.31,False
ORC-RE,cifar10,200,18,82.0162,17.9838,200,82.107,False
ORC-RE,cifar10,200,88,82.0162,17.9838,200,76.202,False
ORC-RE,cifar10,200,56,89.9837,10.0163,200,82.307,False
ORC-RE,cifar10,200,85,80.0663,19.9337,200,78.724,False
ORC-RE,cifar10,200,7,80.0663,19.9337,200,85.567,False
ORC-RE,cifar10,200,38,82.0162,17.9838,200,85.3,False
ORC-RE,cifar10,200,67,80.0663,19.9337,200,82.292,False
ORC-RE,cifar10,200,41,80.0663,19.9337,200,87.792,False
ORC-RE,cifar10,200,62,82.0162,17.9838,200,91.455,False
ORC-RE,cifar10,200,9,89.9837,10.0163,200,95.71,False
ORC-RE,cifar10,200,34,82.0162,17.9838,200,96.298,False
ORC-RE,cifar10,200,48,82.0162,17.9838,200,97.236,False
ORC-RE,cifar10,200,47,80.0663,19.9337,200,98.152,False
ORC-RE,cifar10,200,16,82.0162,17.9838,200,99.397,False
ORC-RE,cifar10,200,17,80.0663,19.9337,200,101.014,False
ORC-RE,cifar10,200,24,89.9837,10.0163,200,101.28,False
ORC-RE,cifar10,200,72,98.9577,1.0423,200,98.851,False
ORC-RE,cifar10,200,84,89.9837,10.0163,200,97.514,False
ORC-RE,cifar10,200,4,80.0663,19.9337,200,103.872,False
ORC-RE,cifar10,200,96,80.0663,19.9337,200,93.355,False
ORC-RE,cifar10,200,0,82.0162,17.9838,200,104.296,False
ORC-RE,cifar10,200,73,89.9837,10.0163,200,100.897,False
ORC-RE,cifar10,200,45,89.9837,10.0163,200,105.691,False
ORC-RE,cifar10,200,97,89.9837,10.0163,200,93.898,False
ORC-RE,cifar10,200,83,89.9837,10.0163,200,102.721,False
ORC-RE,cifar10,200,95,98.9577,1.0423,200,103.454,False
ORC-RE,cifar10,200,5,82.0162,17.9838,200,113.367,False
ORC-RE,cifar10,200,50,82.0162,17.9838,200,113.739,False
ORC-RE,cifar10,200,63,80.0663,19.9337,200,119.453,False
ORC-RE,cifar10,200,40,80.0663,19.9337,200,125.068,False
ORC-RE,cifar10,200,71,82.0162,17.9838,200,130.077,False
ORC-RE,cifar10,200,94,89.9837,10.0163,200,131.347,False
ORC-RE,cifar10,200,46,82.0162,17.9838,200,139.966,False
ORC-Tabu,cifar10,200,75,98.9577,1.0423,200,1.029,False
ORC-RE,cifar10,200,78,98.9577,1.0423,200,137.787,False
ORC-RE,cifar10,200,29,82.0162,17.9838,200,142.882,False
ORC-RE,cifar10,200,28,89.9837,10.0163,200,146.473,False
ORC-RE,cifar10,200,90,89.9837,10.0163,200,139.42,False
ORC-RE,cifar10,200,66,89.9837,10.0163,200,150.985,False
ORC-RE,cifar10,200,65,98.9577,1.0423,200,157.085,False
ORC-RE,cifar10,200,19,82.0162,17.9838,200,161.808,False
ORC-RE,cifar10,200,53,98.9577,1.0423,200,167.979,False
ORC-RE,cifar10,200,57,98.9577,1.0423,200,171.583,False
ORC-RE,cifar10,200,10,89.9837,10.0163,200,181.067,False
ORC-RE,cifar10,200,77,82.0162,17.9838,200,177.635,False
ORC-RE,cifar10,200,27,89.9837,10.0163,200,184.214,False
ORC-RE,cifar10,200,30,89.9837,10.0163,200,199.914,False
ORC-RE,cifar10,200,55,82.0162,17.9838,200,232.582,False
ORC-RE,cifar10,200,99,82.0162,17.9838,200,209.591,False
ORC-Tabu,cifar10,200,92,98.9577,1.0423,200,1.599,False
ORC-RE,cifar10,200,20,82.0162,17.9838,200,271.886,False
ORC-RE,cifar10,200,39,82.0162,17.9838,200,274.001,False
ORC-RE,cifar10,200,22,82.0162,17.9838,200,276.571,False
ORC-RE,cifar10,200,35,82.0162,17.9838,200,302.508,False
ORC-RE,cifar10,200,33,89.9837,10.0163,200,351.698,False
ORC-RE,cifar10,200,2,98.9577,1.0423,200,506.025,False
ORC-RE,cifar10,200,76,89.9837,10.0163,200,527.037,False
Random,cifar10,400,0,76.0475,23.9525,395,0.003,False
Random,cifar10,400,1,75.082,24.918,393,0.003,False
Random,cifar10,400,2,74.9837,25.0163,395,0.006,False
Random,cifar10,400,3,70.0371,29.9629,397,0.008,False
Random,cifar10,400,4,74.9839,25.0161,399,0.007,False
Random,cifar10,400,5,70.1576,29.8424,398,0.003,False
Random,cifar10,400,6,70.035,29.965,396,0.007,False
Random,cifar10,400,7,70.076,29.924,397,0.006,False
Random,cifar10,400,8,75.0112,24.9888,392,0.007,False
Random,cifar10,400,9,75.0015,24.9985,395,0.006,False
Random,cifar10,400,10,70.0687,29.9313,396,0.037,False
Random,cifar10,400,11,76.0475,23.9525,398,0.007,False
Random,cifar10,400,12,70.0687,29.9313,395,0.01,False
Random,cifar10,400,13,75.0015,24.9985,394,0.007,False
Random,cifar10,400,14,80.0663,19.9337,396,0.007,False
Random,cifar10,400,15,74.9954,25.0046,394,0.006,False
Random,cifar10,400,16,74.9837,25.0163,393,0.007,False
Random,cifar10,400,17,74.9956,25.0044,396,0.006,False
Random,cifar10,400,18,80.0663,19.9337,393,0.044,False
Random,cifar10,400,19,74.9451,25.0549,396,0.006,False
Random,cifar10,400,20,76.0475,23.9525,396,0.007,False
Random,cifar10,400,21,74.9451,25.0549,391,0.007,False
Random,cifar10,400,22,70.0528,29.9472,392,0.01,False
Random,cifar10,400,23,70.025,29.975,394,0.007,False
Random,cifar10,400,24,74.9734,25.0266,391,0.007,False
Random,cifar10,400,25,74.9837,25.0163,395,0.045,False
Random,cifar10,400,26,75.0764,24.9236,396,0.006,False
Random,cifar10,400,27,80.0663,19.9337,397,0.006,False
Random,cifar10,400,28,98.9577,1.0423,400,0.007,False
Random,cifar10,400,29,70.0093,29.9907,395,0.007,False
Random,cifar10,400,30,80.0663,19.9337,396,0.002,False
Random,cifar10,400,31,74.9837,25.0163,398,0.007,False
Random,cifar10,400,32,75.1008,24.8992,395,0.003,False
Random,cifar10,400,33,70.0345,29.9655,397,0.003,False
Random,cifar10,400,34,75.0088,24.9912,393,0.003,False
Random,cifar10,400,35,98.9577,1.0423,395,0.003,False
Random,cifar10,400,36,70.0606,29.9394,390,0.003,False
Random,cifar10,400,37,70.1576,29.8424,395,0.006,False
Random,cifar10,400,38,75.1008,24.8992,397,0.007,False
Random,cifar10,400,39,70.1049,29.8951,395,0.006,False
Random,cifar10,400,40,70.0731,29.9269,394,0.003,False
Random,cifar10,400,41,80.0663,19.9337,391,0.003,False
Random,cifar10,400,42,82.0162,17.9838,393,0.006,False
Random,cifar10,400,43,75.1008,24.8992,393,0.003,False
Random,cifar10,400,44,70.0687,29.9313,397,0.01,False
Random,cifar10,400,45,70.1549,29.8451,396,0.007,False
Random,cifar10,400,46,80.0663,19.9337,394,0.003,False
Random,cifar10,400,47,75.0015,24.9985,392,0.004,False
Random,cifar10,400,48,74.9658,25.0342,398,0.006,False
Random,cifar10,400,49,75.0069,24.9931,397,0.007,False
Random,cifar10,400,50,74.9954,25.0046,397,0.003,False
Random,cifar10,400,51,75.082,24.918,392,0.003,False
Random,cifar10,400,52,70.006,29.994,391,0.003,False
Random,cifar10,400,53,74.9632,25.0368,395,0.003,False
Random,cifar10,400,54,70.0266,29.9734,395,0.003,False
Random,cifar10,400,55,75.0473,24.9527,398,0.006,False
Random,cifar10,400,56,74.9839,25.0161,396,0.003,False
Random,cifar10,400,57,75.0109,24.9891,394,0.003,False
Random,cifar10,400,58,75.0109,24.9891,393,0.003,False
Random,cifar10,400,59,70.0606,29.9394,393,0.003,False
Random,cifar10,400,60,70.0431,29.9569,397,0.003,False
Random,cifar10,400,61,70.0266,29.9734,395,0.003,False
Random,cifar10,400,62,75.0112,24.9888,392,0.003,False
Random,cifar10,400,63,74.9734,25.0266,396,0.01,False
Random,cifar10,400,64,75.0109,24.9891,394,0.003,False
Random,cifar10,400,65,70.0835,29.9165,394,0.003,False
Random,cifar10,400,66,75.0109,24.9891,397,0.003,False
Random,cifar10,400,67,80.0663,19.9337,394,0.002,False
Random,cifar10,400,68,70.1049,29.8951,394,0.043,False
Random,cifar10,400,69,98.9577,1.0423,397,0.006,False
Random,cifar10,400,70,75.082,24.918,398,0.003,False
Random,cifar10,400,71,75.1008,24.8992,397,0.01,False
Random,cifar10,400,72,74.9297,25.0703,393,0.007,False
Random,cifar10,400,73,70.0697,29.9303,398,0.044,False
Random,cifar10,400,74,74.9658,25.0342,392,0.007,False
Random,cifar10,400,75,70.076,29.924,396,0.046,False
Random,cifar10,400,76,70.1549,29.8451,397,0.003,False
Random,cifar10,400,77,70.0017,29.9983,392,0.039,False
Random,cifar10,400,78,74.9292,25.0708,394,0.003,False
Random,cifar10,400,79,70.1049,29.8951,395,0.003,False
Random,cifar10,400,80,70.0928,29.9072,395,0.003,False
Random,cifar10,400,81,70.0156,29.9844,396,0.007,False
Random,cifar10,400,82,89.9837,10.0163,394,0.007,False
Random,cifar10,400,83,74.9632,25.0368,397,0.003,False
Random,cifar10,400,84,75.1008,24.8992,398,0.003,False
Random,cifar10,400,85,70.0269,29.9731,395,0.003,False
Random,cifar10,400,86,75.0109,24.9891,399,0.003,False
Random,cifar10,400,87,70.0458,29.9542,391,0.041,False
Random,cifar10,400,88,75.082,24.918,396,0.003,False
Random,cifar10,400,89,74.9292,25.0708,395,0.007,False
Random,cifar10,400,90,98.9577,1.0423,400,0.003,False
Random,cifar10,400,91,70.0622,29.9378,389,0.01,False
Random,cifar10,400,92,82.0162,17.9838,397,0.048,False
Random,cifar10,400,93,74.9734,25.0266,393,0.009,False
Random,cifar10,400,94,70.0528,29.9472,395,0.01,False
Random,cifar10,400,95,74.9954,25.0046,397,0.04,False
Random,cifar10,400,96,74.9956,25.0044,397,0.006,False
Random,cifar10,400,97,75.082,24.918,399,0.005,False
Random,cifar10,400,98,70.0973,29.9027,397,0.003,False
Random,cifar10,400,99,75.0764,24.9236,397,0.006,False
RE,cifar10,400,0,80.0663,19.9337,400,0.529,False
RE,cifar10,400,1,82.0162,17.9838,400,0.336,False
RE,cifar10,400,2,80.0663,19.9337,400,0.258,False
RE,cifar10,400,3,82.0162,17.9838,400,0.193,False
RE,cifar10,400,4,80.0663,19.9337,400,0.103,False
RE,cifar10,400,5,80.0663,19.9337,400,0.581,False
RE,cifar10,400,6,82.0162,17.9838,400,0.494,False
RE,cifar10,400,7,80.0663,19.9337,400,0.716,False
RE,cifar10,400,8,82.0162,17.9838,400,0.591,False
RE,cifar10,400,9,80.0663,19.9337,400,0.551,False
RE,cifar10,400,10,89.9837,10.0163,400,0.609,False
RE,cifar10,400,11,82.0162,17.9838,400,0.377,False
RE,cifar10,400,12,82.0162,17.9838,400,0.406,False
RE,cifar10,400,13,89.9837,10.0163,400,0.498,False
RE,cifar10,400,14,82.0162,17.9838,400,0.573,False
RE,cifar10,400,15,80.0663,19.9337,400,0.482,False
RE,cifar10,400,16,82.0162,17.9838,400,0.411,False
RE,cifar10,400,17,89.9837,10.0163,400,0.694,False
RE,cifar10,400,18,80.0663,19.9337,400,0.712,False
RE,cifar10,400,19,89.9837,10.0163,400,0.997,False
RE,cifar10,400,20,80.0663,19.9337,400,0.565,False
RE,cifar10,400,21,82.0162,17.9838,400,0.297,False
RE,cifar10,400,22,80.0663,19.9337,400,0.304,False
RE,cifar10,400,23,80.0663,19.9337,400,0.488,False
RE,cifar10,400,24,82.0162,17.9838,400,0.791,False
RE,cifar10,400,25,80.0663,19.9337,400,0.397,False
RE,cifar10,400,26,80.0663,19.9337,400,0.973,False
RE,cifar10,400,27,89.9837,10.0163,400,0.489,False
RE,cifar10,400,28,89.9837,10.0163,400,0.66,False
RE,cifar10,400,29,80.0663,19.9337,400,0.293,False
RE,cifar10,400,30,80.0663,19.9337,400,0.483,False
RE,cifar10,400,31,80.0663,19.9337,400,0.539,False
RE,cifar10,400,32,82.0162,17.9838,400,0.57,False
RE,cifar10,400,33,80.0663,19.9337,400,0.788,False
RE,cifar10,400,34,82.0162,17.9838,400,0.498,False
RE,cifar10,400,35,80.0663,19.9337,400,0.719,False
RE,cifar10,400,36,89.9837,10.0163,400,0.853,False
RE,cifar10,400,37,80.0663,19.9337,400,0.961,False
RE,cifar10,400,38,80.0663,19.9337,400,0.503,False
RE,cifar10,400,39,80.0663,19.9337,400,0.417,False
RE,cifar10,400,40,82.0162,17.9838,400,0.271,False
RE,cifar10,400,41,80.0663,19.9337,400,0.123,False
RE,cifar10,400,42,80.0663,19.9337,400,0.744,False
RE,cifar10,400,43,80.0663,19.9337,400,0.276,False
RE,cifar10,400,44,80.0663,19.9337,400,0.369,False
RE,cifar10,400,45,80.0663,19.9337,400,0.326,False
RE,cifar10,400,46,98.9577,1.0423,400,0.248,False
RE,cifar10,400,47,80.0663,19.9337,400,0.423,False
RE,cifar10,400,48,80.0663,19.9337,400,0.455,False
RE,cifar10,400,49,80.0663,19.9337,400,0.378,False
RE,cifar10,400,50,80.0663,19.9337,400,0.305,False
RE,cifar10,400,51,80.0663,19.9337,400,0.291,False
RE,cifar10,400,52,89.9837,10.0163,400,0.297,False
RE,cifar10,400,53,80.0663,19.9337,400,0.435,False
RE,cifar10,400,54,89.9837,10.0163,400,0.198,False
RE,cifar10,400,55,80.0663,19.9337,400,0.404,False
RE,cifar10,400,56,82.0162,17.9838,400,0.504,False
RE,cifar10,400,57,80.0663,19.9337,400,0.361,False
RE,cifar10,400,58,82.0162,17.9838,400,0.567,False
RE,cifar10,400,59,82.0162,17.9838,400,0.23,False
RE,cifar10,400,60,98.9577,1.0423,400,0.206,False
RE,cifar10,400,61,80.0663,19.9337,400,0.297,False
RE,cifar10,400,62,89.9837,10.0163,400,0.452,False
RE,cifar10,400,63,89.9837,10.0163,400,0.23,False
RE,cifar10,400,64,80.0663,19.9337,400,0.42,False
RE,cifar10,400,65,80.0663,19.9337,400,0.349,False
RE,cifar10,400,66,82.0162,17.9838,400,0.641,False
RE,cifar10,400,67,89.9837,10.0163,400,0.217,False
RE,cifar10,400,68,80.0663,19.9337,400,0.362,False
RE,cifar10,400,69,80.0663,19.9337,400,0.566,False
RE,cifar10,400,70,82.0162,17.9838,400,0.497,False
RE,cifar10,400,71,98.9577,1.0423,400,0.131,False
RE,cifar10,400,72,80.0663,19.9337,400,0.704,False
RE,cifar10,400,73,82.0162,17.9838,400,0.621,False
RE,cifar10,400,74,80.0663,19.9337,400,0.614,False
RE,cifar10,400,75,80.0663,19.9337,400,0.63,False
RE,cifar10,400,76,82.0162,17.9838,400,0.26,False
RE,cifar10,400,77,80.0663,19.9337,400,0.289,False
RE,cifar10,400,78,82.0162,17.9838,400,0.38,False
RE,cifar10,400,79,82.0162,17.9838,400,0.303,False
RE,cifar10,400,80,82.0162,17.9838,400,0.511,False
RE,cifar10,400,81,80.0663,19.9337,400,0.52,False
RE,cifar10,400,82,80.0663,19.9337,400,0.413,False
RE,cifar10,400,83,82.0162,17.9838,400,0.329,False
RE,cifar10,400,84,82.0162,17.9838,400,0.35,False
RE,cifar10,400,85,98.9577,1.0423,400,0.219,False
RE,cifar10,400,86,80.0663,19.9337,400,0.606,False
RE,cifar10,400,87,89.9837,10.0163,400,0.298,False
RE,cifar10,400,88,80.0663,19.9337,400,0.2,False
RE,cifar10,400,89,89.9837,10.0163,400,0.224,False
RE,cifar10,400,90,82.0162,17.9838,400,0.573,False
RE,cifar10,400,91,82.0162,17.9838,400,0.404,False
RE,cifar10,400,92,82.0162,17.9838,400,0.245,False
RE,cifar10,400,93,98.9577,1.0423,400,0.121,False
RE,cifar10,400,94,80.0663,19.9337,400,0.487,False
RE,cifar10,400,95,82.0162,17.9838,400,0.264,False
RE,cifar10,400,96,80.0663,19.9337,400,0.468,False
RE,cifar10,400,97,89.9837,10.0163,400,0.362,False
RE,cifar10,400,98,80.0663,19.9337,400,0.626,False
RE,cifar10,400,99,82.0162,17.9838,400,0.138,False
