variant,dim,func,seed,best_fit,elapsed_s,explore_pct,mean_kappa,effective_threshold,n_explore_agents,err_at_10pct,err_at_25pct,err_at_50pct,err_at_75pct,err_at_100pct
NL-SHADE,20,1,4,0.0,64.15,,,,,0.0,0.0,0.0,0.0,0.0
NL-SHADE,20,1,26,0.0,65.26,,,,,0.0,0.0,0.0,0.0,0.0
NL-SHADE,20,1,15,0.0,65.61,,,,,0.0,0.0,0.0,0.0,0.0
NL-SHADE,20,1,11,0.0,65.69,,,,,0.0,0.0,0.0,0.0,0.0
NL-SHADE,20,1,8,0.0,67.18,,,,,0.0,0.0,0.0,0.0,0.0
NL-SHADE,20,1,21,0.0,67.44,,,,,0.0,0.0,0.0,0.0,0.0
NL-SHADE,20,1,29,0.0,67.66,,,,,0.0,0.0,0.0,0.0,0.0
NL-SHADE,20,1,27,0.0,69.6,,,,,0.0,0.0,0.0,0.0,0.0
NL-SHADE,20,1,16,0.0,69.69,,,,,0.0,0.0,0.0,0.0,0.0
NL-SHADE,20,1,17,0.0,69.8,,,,,0.0,0.0,0.0,0.0,0.0
NL-SHADE,20,1,2,0.0,70.02,,,,,0.0,0.0,0.0,0.0,0.0
NL-SHADE,20,1,3,0.0,70.07,,,,,0.0,0.0,0.0,0.0,0.0
NL-SHADE,20,1,5,0.0,70.64,,,,,0.0,0.0,0.0,0.0,0.0
NL-SHADE,20,1,18,0.0,71.04,,,,,0.0,0.0,0.0,0.0,0.0
NL-SHADE,20,1,19,0.0,71.43,,,,,0.0,0.0,0.0,0.0,0.0
NL-SHADE,20,2,22,49.08447897948122,71.98,,,,,49.08447897948122,49.08447897948122,49.08447897948122,49.08447897948122,49.08447897948122
NL-SHADE,20,2,29,49.08447897948122,72.43,,,,,49.08447897948122,49.08447897948122,49.08447897948122,49.08447897948122,49.08447897948122
NL-SHADE,20,2,2,49.08447897948122,72.58,,,,,49.08447897948122,49.08447897948122,49.08447897948122,49.08447897948122,49.08447897948122
NL-SHADE,20,2,9,49.08447897948122,73.34,,,,,49.08447897948122,49.08447897948122,49.08447897948122,49.08447897948122,49.08447897948122
NL-SHADE,20,1,14,0.0,73.61,,,,,0.0,0.0,0.0,0.0,0.0
NL-SHADE,20,2,5,49.08447897948122,73.69,,,,,49.08447897948122,49.08447897948122,49.08447897948122,49.08447897948122,49.08447897948122
NL-SHADE,20,1,0,0.0,73.81,,,,,0.0,0.0,0.0,0.0,0.0
NL-SHADE,20,1,28,0.0,73.91,,,,,0.0,0.0,0.0,0.0,0.0
NL-SHADE,20,2,14,49.08447897948122,74.2,,,,,49.08447897948122,49.08447897948122,49.08447897948122,49.08447897948122,49.08447897948122
NL-SHADE,20,2,18,49.08447897948122,74.65,,,,,49.08447897948122,49.08447897948122,49.08447897948122,49.08447897948122,49.08447897948122
NL-SHADE,20,2,26,49.08447897948122,74.92,,,,,49.08447897948122,49.08447897948122,49.08447897948122,49.08447897948122,49.08447897948122
NL-SHADE,20,2,3,49.08447897948122,74.93,,,,,49.08447897948122,49.08447897948122,49.08447897948122,49.08447897948122,49.08447897948122
NL-SHADE,20,2,28,49.08447897948122,75.53,,,,,49.08447897948122,49.08447897948122,49.08447897948122,49.08447897948122,49.08447897948122
NL-SHADE,20,1,7,0.0,75.85,,,,,0.0,0.0,0.0,0.0,0.0
NL-SHADE,20,2,6,49.08447897948122,76.23,,,,,49.08447897948122,49.08447897948122,49.08447897948122,49.08447897948122,49.08447897948122
NL-SHADE,20,2,23,49.08447897948122,77.38,,,,,49.08447897948122,49.08447897948122,49.08447897948122,49.08447897948122,49.08447897948122
NL-SHADE,20,2,11,49.08447897948122,78.39,,,,,49.08447897948122,49.08447897948122,49.08447897948122,49.08447897948122,49.08447897948122
NL-SHADE,20,1,12,0.0,78.65,,,,,0.0,0.0,0.0,0.0,0.0
NL-SHADE,20,5,0,0.0,80.45,,,,,0.0,0.0,0.0,0.0,0.0
NL-SHADE,20,5,21,0.0,81.0,,,,,0.0,0.0,0.0,0.0,0.0
NL-SHADE,20,5,15,0.0,81.43,,,,,0.0,0.0,0.0,0.0,0.0
NL-SHADE,20,5,16,0.0,81.48,,,,,0.0,0.0,0.0,0.0,0.0
NL-SHADE,20,5,7,0.0,81.72,,,,,0.0,0.0,0.0,0.0,0.0
NL-SHADE,20,5,13,0.0,81.92,,,,,0.0,0.0,0.0,0.0,0.0
NL-SHADE,20,5,5,0.0,81.99,,,,,0.0,0.0,0.0,0.0,0.0
NL-SHADE,20,5,11,0.0,82.0,,,,,0.0,0.0,0.0,0.0,0.0
NL-SHADE,20,2,16,49.08447897948122,82.03,,,,,49.08447897948122,49.08447897948122,49.08447897948122,49.08447897948122,49.08447897948122
NL-SHADE,20,5,12,0.0,82.21,,,,,0.0,0.0,0.0,0.0,0.0
NL-SHADE,20,5,19,0.0,83.04,,,,,0.0,0.0,0.0,0.0,0.0
NL-SHADE,20,5,14,0.0,83.17,,,,,0.0,0.0,0.0,0.0,0.0
NL-SHADE,20,5,10,0.0,83.88,,,,,0.0,0.0,0.0,0.0,0.0
NL-SHADE,20,2,4,49.08447897948122,85.05,,,,,49.08447897948122,49.08447897948122,49.08447897948122,49.08447897948122,49.08447897948122
NL-SHADE,20,5,4,0.0,85.51,,,,,0.0,0.0,0.0,0.0,0.0
NL-SHADE,20,5,1,0.0,86.86,,,,,0.0,0.0,0.0,0.0,0.0
NL-SHADE,20,2,10,49.08447897948122,87.67,,,,,49.08447897948122,49.08447897948122,49.08447897948122,49.08447897948122,49.08447897948122
NL-SHADE,20,5,29,0.0,87.68,,,,,0.0,0.0,0.0,0.0,0.0
NL-SHADE,20,1,20,0.0,88.02,,,,,0.0,0.0,0.0,0.0,0.0
NL-SHADE,20,2,8,49.08447897948122,88.06,,,,,49.08447897948122,49.08447897948122,49.08447897948122,49.08447897948122,49.08447897948122
NL-SHADE,20,5,2,0.0,89.76,,,,,0.0,0.0,0.0,0.0,0.0
NL-SHADE,20,2,12,49.08447897948122,91.21,,,,,49.08447897948122,49.08447897948122,49.08447897948122,49.08447897948122,49.08447897948122
NL-SHADE,20,1,6,0.0,92.17,,,,,0.0,0.0,0.0,0.0,0.0
NL-SHADE,20,6,8,0.495011941865414,92.35,,,,,4.035894217000077,0.49612660114803475,0.49511269466438534,0.4950119505645034,0.495011941865414
NL-SHADE,20,1,1,0.0,92.67,,,,,0.0,0.0,0.0,0.0,0.0
NL-SHADE,20,2,21,49.08447897948122,93.13,,,,,49.08447897948122,49.08447897948122,49.08447897948122,49.08447897948122,49.08447897948122
NL-SHADE,20,2,27,49.08447897948122,93.22,,,,,49.08447897948122,49.08447897948122,49.08447897948122,49.08447897948122,49.08447897948122
NL-SHADE,20,2,15,49.08447897948122,93.46,,,,,49.08447897948122,49.08447897948122,49.08447897948122,49.08447897948122,49.08447897948122
NL-SHADE,20,5,22,0.0,93.52,,,,,0.0,0.0,0.0,0.0,0.0
NL-SHADE,20,6,0,0.26916374107509,93.7,,,,,6.705732753712255,0.3030864939753428,0.2691862807364487,0.26916558141147107,0.26916374107509
NL-SHADE,20,2,19,49.08447897948122,94.2,,,,,49.08447897948122,49.08447897948122,49.08447897948122,49.08447897948122,49.08447897948122
NL-SHADE,20,5,18,0.0,94.24,,,,,0.0,0.0,0.0,0.0,0.0
NL-SHADE,20,1,24,0.0,95.69,,,,,0.0,0.0,0.0,0.0,0.0
NL-SHADE,20,6,1,0.49887285635259104,96.99,,,,,2.590225707578611,0.4993342928621587,0.4989874820307705,0.498880122456967,0.49887285635259104
NL-SHADE,20,6,6,0.49603744339606237,97.52,,,,,2.5604434085564662,0.4973028561630599,0.4962206872455681,0.4960375833202306,0.49603744339606237
NL-SHADE,20,5,8,0.0,98.15,,,,,0.0,0.0,0.0,0.0,0.0
NL-SHADE,20,2,25,49.08447897948122,98.46,,,,,49.08447897948122,49.08447897948122,49.08447897948122,49.08447897948122,49.08447897948122
NL-SHADE,20,6,7,0.4966197245018975,100.2,,,,,2.9480602081905545,0.4979238326491213,0.49697436462247424,0.49661972497301576,0.4966197245018975
NL-SHADE,20,3,3,0.0,102.01,,,,,0.0,0.0,0.0,0.0,0.0
NL-SHADE,20,3,17,0.0,102.1,,,,,0.0,0.0,0.0,0.0,0.0
NL-SHADE,20,3,27,0.0,102.41,,,,,0.0,0.0,0.0,0.0,0.0
NL-SHADE,20,2,0,49.08447897948122,102.49,,,,,49.08447897948122,49.08447897948122,49.08447897948122,49.08447897948122,49.08447897948122
NL-SHADE,20,3,26,0.0,103.5,,,,,0.0,0.0,0.0,0.0,0.0
NL-SHADE,20,3,1,0.0,103.62,,,,,0.0,0.0,0.0,0.0,0.0
NL-SHADE,20,2,17,49.08447897948122,103.88,,,,,49.08447897948122,49.08447897948122,49.08447897948122,49.08447897948122,49.08447897948122
NL-SHADE,20,3,21,0.0,104.45,,,,,0.0,0.0,0.0,0.0,0.0
NL-SHADE,20,3,2,0.0,104.53,,,,,0.0,0.0,0.0,0.0,0.0
NL-SHADE,20,3,22,0.0,104.66,,,,,0.0,0.0,0.0,0.0,0.0
NL-SHADE,20,3,25,0.0,105.43,,,,,0.0,0.0,0.0,0.0,0.0
NL-SHADE,20,3,12,0.0,105.49,,,,,0.0,0.0,0.0,0.0,0.0
NL-SHADE,20,2,20,49.08447897948122,109.04,,,,,49.08447897948122,49.08447897948122,49.08447897948122,49.08447897948122,49.08447897948122
NL-SHADE,20,6,9,0.49441672145144366,110.56,,,,,2.5609317857338283,0.4952515352874798,0.4944178923224172,0.494416726159443,0.49441672145144366
NL-SHADE,20,5,20,0.0,110.86,,,,,0.0,0.0,0.0,0.0,0.0
NL-SHADE,20,5,23,0.0,111.16,,,,,0.0,0.0,0.0,0.0,0.0
NL-SHADE,20,1,9,0.0,115.23,,,,,0.0,0.0,0.0,0.0,0.0
NL-SHADE,20,5,6,0.0,118.31,,,,,0.0,0.0,0.0,0.0,0.0
NL-SHADE,20,3,16,0.0,120.0,,,,,0.0,0.0,0.0,0.0,0.0
NL-SHADE,20,6,2,0.49982943359736964,121.87,,,,,4.635328952044119,0.499887977667413,0.4998297317397373,0.49982945759416,0.49982943359736964
NL-SHADE,20,3,5,0.0,122.4,,,,,0.0,0.0,0.0,0.0,0.0
NL-SHADE,20,1,22,0.0,124.26,,,,,0.0,0.0,0.0,0.0,0.0
NL-SHADE,20,1,25,0.0,124.43,,,,,0.0,0.0,0.0,0.0,0.0
NL-SHADE,20,1,13,0.0,128.25,,,,,0.0,0.0,0.0,0.0,0.0
NL-SHADE,20,1,23,0.0,128.95,,,,,0.0,0.0,0.0,0.0,0.0
NL-SHADE,20,1,10,0.0,129.17,,,,,0.0,0.0,0.0,0.0,0.0
NL-SHADE,20,3,23,0.0,129.39,,,,,0.0,0.0,0.0,0.0,0.0
NL-SHADE,20,2,1,49.08447897948122,131.23,,,,,49.08447897948122,49.08447897948122,49.08447897948122,49.08447897948122,49.08447897948122
NL-SHADE,20,3,9,0.0,133.72,,,,,0.0,0.0,0.0,0.0,0.0
NL-SHADE,20,3,11,0.0,136.78,,,,,0.0,0.0,0.0,0.0,0.0
NL-SHADE,20,3,6,0.0,136.83,,,,,0.0,0.0,0.0,0.0,0.0
NL-SHADE,20,4,4,34.00006953662694,138.63,,,,,82.90791388401249,35.643291168386895,34.00802527846679,34.001353164960506,34.00006953662694
NL-SHADE,20,4,29,26.00000000243324,139.43,,,,,67.46784056065985,26.36354581823298,26.000564346213082,26.00002325317746,26.00000000243324
NL-SHADE,20,4,2,34.00000000093712,139.79,,,,,59.778676654401465,34.01855520405593,34.000282641305375,34.000040553517124,34.00000000093712
NL-SHADE,20,2,13,49.08447897948122,140.68,,,,,49.08447897948122,49.08447897948122,49.08447897948122,49.08447897948122,49.08447897948122
NL-SHADE,20,4,12,40.000000065644144,141.09,,,,,74.39728293987446,40.01421377659483,40.0002392261415,40.00001729447172,40.000000065644144
NL-SHADE,20,4,19,40.00000011958821,141.43,,,,,75.1237509947997,40.137926874873074,40.00292458241438,40.00008486254001,40.00000011958821
NL-SHADE,20,4,27,34.0,141.57,,,,,66.15063367151924,34.053970727714955,34.00014862737726,34.00002561498343,34.0
NL-SHADE,20,4,24,16.000000000000114,142.46,,,,,58.482816610987584,16.331457562879336,16.003673001876905,16.000356522975153,16.000000000000114
NL-SHADE,20,4,21,28.0,142.55,,,,,52.04517575843931,28.263938143329142,28.00091848161219,28.000063258822365,28.0
NL-SHADE,20,3,10,0.0,142.67,,,,,0.0,0.0,0.0,0.0,0.0
NL-SHADE,20,4,16,40.00000001770934,142.74,,,,,64.33350264718524,40.026526899188184,40.00037205115598,40.00002087775022,40.00000001770934
NL-SHADE,20,2,24,49.08447897948122,143.45,,,,,49.08447897948122,49.08447897948122,49.08447897948122,49.08447897948122,49.08447897948122
NL-SHADE,20,5,17,0.0,145.08,,,,,0.0,0.0,0.0,0.0,0.0
NL-SHADE,20,2,7,49.08447897948122,145.77,,,,,49.08447897948122,49.08447897948122,49.08447897948122,49.08447897948122,49.08447897948122
NL-SHADE,20,4,5,22.0,145.8,,,,,57.949890896640795,22.11859710769079,22.001291027378556,22.000037220126956,22.0
NL-SHADE,20,4,8,46.00000819580555,147.08,,,,,74.39776681215994,46.294538487332716,46.007397012107845,46.00035743609192,46.00000819580555
NL-SHADE,20,4,25,40.0,148.52,,,,,62.07962252082109,40.02048403068932,40.0000575409606,40.000013874059846,40.0
NL-SHADE,20,5,25,0.0,148.59,,,,,0.0,0.0,0.0,0.0,0.0
NL-SHADE,20,5,9,0.0,149.96,,,,,0.0,0.0,0.0,0.0,0.0
NL-SHADE,20,3,0,0.0,150.11,,,,,0.0,0.0,0.0,0.0,0.0
NL-SHADE,20,6,10,0.49581002311538214,86.38,,,,,1.7018782142295095,0.49723707037583154,0.4958251335949626,0.4958144700735829,0.49581002311538214
NL-SHADE,20,6,5,0.49617954074028603,152.27,,,,,2.386589251404075,0.4973908865572412,0.49643663194729015,0.4961807883073561,0.49617954074028603
NL-SHADE,20,6,11,0.34408908699901986,87.95,,,,,3.291295333015796,0.3790697568306314,0.35672378373760694,0.3440900115253953,0.34408908699901986
NL-SHADE,20,6,12,0.479797685869471,87.96,,,,,1.618470635116637,0.48136091009291704,0.4798119976176167,0.479797685869471,0.479797685869471
NL-SHADE,20,6,13,0.499981547988682,89.74,,,,,2.6711369343952356,0.49999346907952713,0.4999830060887689,0.49998155594403215,0.499981547988682
NL-SHADE,20,3,18,0.0,155.88,,,,,0.0,0.0,0.0,0.0,0.0
NL-SHADE,20,6,15,0.25605171493407397,89.25,,,,,3.6903236969528734,0.29269104437730675,0.2720874627239027,0.2560547078585387,0.25605171493407397
NL-SHADE,20,6,14,0.4999874370573707,89.59,,,,,1.9691584506165327,0.4999924403557543,0.49998848268160145,0.4999874370755606,0.4999874370573707
NL-SHADE,20,6,23,0.4608191998190705,86.25,,,,,2.1301020027349296,0.47224263843600056,0.4608837070404661,0.4608192348241573,0.4608191998190705
NL-SHADE,20,5,28,0.0,157.96,,,,,0.0,0.0,0.0,0.0,0.0
NL-SHADE,20,5,27,0.0,158.01,,,,,0.0,0.0,0.0,0.0,0.0
NL-SHADE,20,4,13,42.00000072017531,158.53,,,,,87.22700216872886,42.392454620610124,42.001800385205456,42.0000100393662,42.00000072017531
NL-SHADE,20,6,20,1.4868314102327531,88.76,,,,,3.9241594749626074,1.4893781880423376,1.4868346078503691,1.4868314971388372,1.4868314102327531
NL-SHADE,20,4,6,34.00000000141006,159.06,,,,,57.01312216746123,34.04373972528424,34.00012037720592,34.0000081790281,34.00000000141006
NL-SHADE,20,6,25,0.43572413345486893,87.78,,,,,4.09953363342197,0.4531907623711504,0.4403370616887514,0.4357255172812984,0.43572413345486893
NL-SHADE,20,5,24,0.0,160.05,,,,,0.0,0.0,0.0,0.0,0.0
NL-SHADE,20,6,3,0.43533374547473613,160.08,,,,,4.318802050682507,0.4607416842948169,0.4364430388986875,0.4353345519484719,0.43533374547473613
NL-SHADE,20,6,26,0.4513707229573356,87.97,,,,,2.136720886752528,0.4657826394111453,0.45554571973639213,0.45137221245454384,0.4513707229573356
NL-SHADE,20,5,3,0.0,160.56,,,,,0.0,0.0,0.0,0.0,0.0
NL-SHADE,20,6,28,0.2707632473193371,87.41,,,,,3.3558943850368905,0.28483724249986153,0.27083040022125715,0.270763442389125,0.2707632473193371
NL-SHADE,20,6,27,0.23191844193434008,88.54,,,,,2.472438891765023,0.30414310920764365,0.23243080177235242,0.23192092881890858,0.23191844193434008
NL-SHADE,20,6,17,0.4991410763248041,91.69,,,,,1.4052437099171584,0.49935209775026124,0.49914177063465104,0.4991410800837457,0.4991410763248041
NL-SHADE,20,6,21,0.3059625838568536,91.32,,,,,3.38866444704081,0.38136934305998693,0.30599127951654737,0.30596328841738796,0.3059625838568536
NL-SHADE,20,6,29,1.4798570045193173,87.78,,,,,5.795501913576572,1.4847459386210176,1.4819474272699154,1.4798570230236692,1.4798570045193173
NL-SHADE,20,6,22,0.4969040578575914,91.16,,,,,1.3452397937064688,0.4980992798018633,0.497109998191263,0.4969292012046935,0.4969040578575914
NL-SHADE,20,5,26,0.0,161.8,,,,,0.0,0.0,0.0,0.0,0.0
NL-SHADE,20,6,18,0.49094630246486304,92.15,,,,,5.226459749649393,0.4939500778148158,0.49127210106416896,0.4909463062097075,0.49094630246486304
NL-SHADE,20,6,4,0.45484848217142826,162.21,,,,,2.302675233708669,0.4717701922197648,0.4597710079376611,0.45485084564961653,0.45484848217142826
NL-SHADE,20,6,19,0.45922614022788366,93.19,,,,,2.2788084177373094,0.47052024410618287,0.4592270417083455,0.4592262483849936,0.45922614022788366
NL-SHADE,20,4,23,36.000000013613885,165.01,,,,,74.9120079408167,36.21832504382621,36.00040861468369,36.00008426987483,36.000000013613885
NL-SHADE,20,3,19,0.0,171.06,,,,,0.0,0.0,0.0,0.0,0.0
NL-SHADE,20,3,28,0.0,171.68,,,,,0.0,0.0,0.0,0.0,0.0
NL-SHADE,20,3,20,0.0,173.84,,,,,0.0,0.0,0.0,0.0,0.0
NL-SHADE,20,3,29,0.0,174.67,,,,,0.0,0.0,0.0,0.0,0.0
NL-SHADE,20,3,15,0.0,175.2,,,,,0.0,0.0,0.0,0.0,0.0
NL-SHADE,20,3,13,0.0,175.26,,,,,0.0,0.0,0.0,0.0,0.0
NL-SHADE,20,3,4,0.0,176.59,,,,,0.0,0.0,0.0,0.0,0.0
NL-SHADE,20,3,7,0.0,177.43,,,,,0.0,0.0,0.0,0.0,0.0
NL-SHADE,20,3,8,0.0,184.29,,,,,0.0,0.0,0.0,0.0,0.0
NL-SHADE,20,3,14,0.0,184.38,,,,,0.0,0.0,0.0,0.0,0.0
NL-SHADE,20,3,24,0.0,185.2,,,,,0.0,0.0,0.0,0.0,0.0
NL-SHADE,20,6,16,0.4050633745791856,123.44,,,,,3.9451205877223856,0.44020638710708226,0.412619459944608,0.40542011800675937,0.4050633745791856
NL-SHADE,20,4,10,32.0,197.93,,,,,84.54178881253381,32.045705694760386,32.000564173102134,32.00011727224296,32.0
NL-SHADE,20,4,18,34.0,197.95,,,,,76.40590512282495,34.01551295224601,34.00002046291047,34.00001014943837,34.0
NL-SHADE,20,4,28,38.00000396651478,199.35,,,,,56.42212136907983,38.58911610964651,38.00673904481016,38.0008972650337,38.00000396651478
NL-SHADE,20,4,9,30.000000130210992,201.97,,,,,50.83278265197271,34.14944116972424,30.007262746274023,30.000097575225823,30.000000130210992
NL-SHADE,20,4,11,46.00000006203334,225.72,,,,,77.46876218004559,46.10418973961009,46.00004728036663,46.00001751813397,46.00000006203334
NL-SHADE,20,4,17,26.0,226.54,,,,,68.55140079319688,26.040006560449683,26.003240647725647,26.000156684102876,26.0
NL-SHADE,20,4,20,34.0,227.25,,,,,57.897319573577875,34.15182127380467,34.000147367786326,34.00003009699617,34.0
NL-SHADE,20,4,14,20.0,232.54,,,,,35.39693361368177,20.26749021341061,20.001979759283017,20.00005669410882,20.0
NL-SHADE,20,4,7,18.000000000000114,234.03,,,,,54.84805894936062,18.38461884544415,18.0007120564494,18.000071653447776,18.000000000000114
NL-SHADE,20,4,3,24.000000294219717,234.47,,,,,64.17458035053414,24.15908899647934,24.00079156128197,24.000033918484178,24.000000294219717
NL-SHADE,20,4,0,28.00000095604446,235.01,,,,,51.342333626823006,28.289353660122515,28.00323933401353,28.000033354057905,28.00000095604446
NL-SHADE,20,4,26,28.000000059174113,236.19,,,,,71.14786651764564,28.03114456740161,28.002105966907493,28.000025265445174,28.000000059174113
NL-SHADE,20,4,1,30.00000044227295,236.24,,,,,52.60179862163136,30.057791399932967,30.000514434479555,30.000030917943036,30.00000044227295
NL-SHADE,20,4,15,22.0,236.23,,,,,65.0701693658068,22.123348417508282,22.00065241306436,22.000130882112785,22.0
NL-SHADE,20,4,22,24.0,236.7,,,,,63.66182177642713,25.201117180302163,24.001124551700173,24.000442502920123,24.0
NL-SHADE,20,6,24,0.4993999425803395,166.54,,,,,3.98258006440642,0.4995737253148036,0.49940973114462395,0.4993999425803395,0.4993999425803395
NL-SHADE,20,9,0,335.6387702715756,186.53,,,,,335.63877027157605,335.6387702715756,335.6387702715756,335.6387702715756,335.6387702715756
NL-SHADE,20,9,2,335.63877027157605,187.68,,,,,335.63877027157605,335.63877027157605,335.63877027157605,335.63877027157605,335.63877027157605
NL-SHADE,20,9,6,335.6387702715756,185.9,,,,,335.6387702715756,335.6387702715756,335.6387702715756,335.6387702715756,335.6387702715756
NL-SHADE,20,9,4,335.6387702715756,189.79,,,,,335.63877027157605,335.6387702715756,335.6387702715756,335.6387702715756,335.6387702715756
NL-SHADE,20,9,11,335.6387702715756,182.18,,,,,335.6387702715756,335.6387702715756,335.6387702715756,335.6387702715756,335.6387702715756
NL-SHADE,20,9,9,335.63877027157605,186.81,,,,,335.63877027157605,335.63877027157605,335.63877027157605,335.63877027157605,335.63877027157605
NL-SHADE,20,9,17,335.6387702715756,188.59,,,,,335.6387702715756,335.6387702715756,335.6387702715756,335.6387702715756,335.6387702715756
NL-SHADE,20,9,23,335.6387702715756,182.23,,,,,335.63877027157605,335.63877027157605,335.6387702715756,335.6387702715756,335.6387702715756
NL-SHADE,20,9,22,335.6387702715756,185.45,,,,,335.63877027157605,335.6387702715756,335.6387702715756,335.6387702715756,335.6387702715756
NL-SHADE,20,9,28,335.6387702715756,184.82,,,,,335.6387702715756,335.6387702715756,335.6387702715756,335.6387702715756,335.6387702715756
NL-SHADE,20,9,24,335.6387702715756,188.73,,,,,335.6387702715756,335.6387702715756,335.6387702715756,335.6387702715756,335.6387702715756
NL-SHADE,20,10,2,398.7957610871549,185.84,,,,,398.7957610871549,398.7957610871549,398.7957610871549,398.7957610871549,398.7957610871549
NL-SHADE,20,9,27,335.63877027157605,188.09,,,,,335.63877027157605,335.63877027157605,335.63877027157605,335.63877027157605,335.63877027157605
NL-SHADE,20,9,21,335.6387702715756,192.72,,,,,335.6387702715756,335.6387702715756,335.6387702715756,335.6387702715756,335.6387702715756
NL-SHADE,20,9,29,335.6387702715756,187.22,,,,,335.63877027157605,335.6387702715756,335.6387702715756,335.6387702715756,335.6387702715756
NL-SHADE,20,9,26,335.6387702715756,189.6,,,,,335.63877027157605,335.6387702715756,335.6387702715756,335.6387702715756,335.6387702715756
NL-SHADE,20,10,14,402.1894508229843,178.58,,,,,402.1894508229843,402.1894508229843,402.1894508229843,402.1894508229843,402.1894508229843
NL-SHADE,20,10,15,396.56598271476605,179.2,,,,,396.56598271476605,396.56598271476605,396.56598271476605,396.56598271476605,396.56598271476605
NL-SHADE,20,10,4,400.5144455432787,188.81,,,,,400.5144455432787,400.5144455432787,400.5144455432787,400.5144455432787,400.5144455432787
NL-SHADE,20,10,10,396.56598271476605,184.28,,,,,396.56598271476605,396.56598271476605,396.56598271476605,396.56598271476605,396.56598271476605
NL-SHADE,20,10,20,397.29424551056536,178.95,,,,,397.29424551056536,397.29424551056536,397.29424551056536,397.29424551056536,397.29424551056536
NL-SHADE,20,10,16,397.29424551056536,182.06,,,,,397.29424551056536,397.29424551056536,397.29424551056536,397.29424551056536,397.29424551056536
NL-SHADE,20,10,26,396.56598271476605,178.01,,,,,396.56598271476605,396.56598271476605,396.56598271476605,396.56598271476605,396.56598271476605
NL-SHADE,20,10,23,399.4114380521437,179.86,,,,,399.4114380521437,399.4114380521437,399.4114380521437,399.4114380521437,399.4114380521437
NL-SHADE,20,10,13,399.4114380521437,186.25,,,,,399.4114380521437,399.4114380521437,399.4114380521437,399.4114380521437,399.4114380521437
NL-SHADE,20,10,19,399.08925470604754,183.48,,,,,399.08925470604754,399.08925470604754,399.08925470604754,399.08925470604754,399.08925470604754
NL-SHADE,20,10,24,399.4114380521437,184.68,,,,,399.4114380521437,399.4114380521437,399.4114380521437,399.4114380521437,399.4114380521437
NL-SHADE,20,9,13,335.6387702715756,230.7,,,,,335.63877027157605,335.6387702715756,335.6387702715756,335.6387702715756,335.6387702715756
NL-SHADE,20,10,18,399.4114380521437,201.02,,,,,399.4114380521437,399.4114380521437,399.4114380521437,399.4114380521437,399.4114380521437
NL-SHADE,20,10,29,399.08925470604754,198.94,,,,,399.08925470604754,399.08925470604754,399.08925470604754,399.08925470604754,399.08925470604754
NL-SHADE,20,9,1,335.6387702715756,281.05,,,,,335.63877027157605,335.6387702715756,335.6387702715756,335.6387702715756,335.6387702715756
NL-SHADE,20,9,3,335.63877027157605,282.67,,,,,335.63877027157605,335.63877027157605,335.63877027157605,335.63877027157605,335.63877027157605
NL-SHADE,20,9,12,335.6387702715756,276.07,,,,,335.63877027157605,335.6387702715756,335.6387702715756,335.6387702715756,335.6387702715756
NL-SHADE,20,9,8,335.6387702715756,282.15,,,,,335.63877027157605,335.6387702715756,335.6387702715756,335.6387702715756,335.6387702715756
NL-SHADE,20,10,17,398.7957610871549,246.91,,,,,398.7957610871549,398.7957610871549,398.7957610871549,398.7957610871549,398.7957610871549
NL-SHADE,20,10,12,402.03016001033893,275.42,,,,,402.03016001033893,402.03016001033893,402.03016001033893,402.03016001033893,402.03016001033893
NL-SHADE,20,10,8,397.23571045843573,281.24,,,,,409.5908267511604,400.68854169546967,399.8133685849957,397.305176569168,397.23571045843573
NL-SHADE,20,11,1,4.547473508864641e-13,279.19,,,,,4.547473508864641e-13,4.547473508864641e-13,4.547473508864641e-13,4.547473508864641e-13,4.547473508864641e-13
NL-SHADE,20,11,4,4.547473508864641e-13,279.02,,,,,4.547473508864641e-13,4.547473508864641e-13,4.547473508864641e-13,4.547473508864641e-13,4.547473508864641e-13
NL-SHADE,20,11,2,4.547473508864641e-13,280.61,,,,,4.547473508864641e-13,4.547473508864641e-13,4.547473508864641e-13,4.547473508864641e-13,4.547473508864641e-13
NL-SHADE,20,11,6,4.547473508864641e-13,280.05,,,,,4.547473508864641e-13,4.547473508864641e-13,4.547473508864641e-13,4.547473508864641e-13,4.547473508864641e-13
NL-SHADE,20,11,3,4.547473508864641e-13,282.14,,,,,4.547473508864641e-13,4.547473508864641e-13,4.547473508864641e-13,4.547473508864641e-13,4.547473508864641e-13
NL-SHADE,20,11,11,4.547473508864641e-13,278.78,,,,,4.547473508864641e-13,4.547473508864641e-13,4.547473508864641e-13,4.547473508864641e-13,4.547473508864641e-13
NL-SHADE,20,10,11,400.5144455432787,294.85,,,,,400.5144455432787,400.5144455432787,400.5144455432787,400.5144455432787,400.5144455432787
NL-SHADE,20,11,10,4.547473508864641e-13,285.68,,,,,4.547473508864641e-13,4.547473508864641e-13,4.547473508864641e-13,4.547473508864641e-13,4.547473508864641e-13
NL-SHADE,20,11,8,4.547473508864641e-13,287.53,,,,,4.547473508864641e-13,4.547473508864641e-13,4.547473508864641e-13,4.547473508864641e-13,4.547473508864641e-13
NL-SHADE,20,11,16,4.547473508864641e-13,278.21,,,,,4.547473508864641e-13,4.547473508864641e-13,4.547473508864641e-13,4.547473508864641e-13,4.547473508864641e-13
ORC-SHADE,20,1,0,0.0,117.73,1.87,-0.7468,0.15,0,0.0,0.0,0.0,0.0,0.0
ORC-SHADE,20,1,3,0.0,116.51,1.94,0.0,0.15,0,0.0,0.0,0.0,0.0,0.0
ORC-SHADE,20,1,2,0.0,117.27,2.05,0.0,0.15,0,0.0,0.0,0.0,0.0,0.0
ORC-SHADE,20,1,1,0.0,119.28,1.97,0.0,0.15,0,0.0,0.0,0.0,0.0,0.0
NL-SHADE,20,9,7,335.63877027157605,342.47,,,,,335.63877027157605,335.63877027157605,335.63877027157605,335.63877027157605,335.63877027157605
ORC-SHADE,20,1,5,0.0,123.23,2.07,-0.3061,0.15,0,0.0,0.0,0.0,0.0,0.0
NL-SHADE,20,10,25,400.5144455432787,305.03,,,,,400.5144455432787,400.5144455432787,400.5144455432787,400.5144455432787,400.5144455432787
NL-SHADE,20,9,10,335.63877027157605,342.9,,,,,335.63877027157605,335.63877027157605,335.63877027157605,335.63877027157605,335.63877027157605
ORC-SHADE,20,1,4,0.0,126.91,1.97,0.0,0.15,0,0.0,0.0,0.0,0.0,0.0
NL-SHADE,20,9,5,335.6387702715756,355.7,,,,,335.63877027157605,335.6387702715756,335.6387702715756,335.6387702715756,335.6387702715756
NL-SHADE,20,11,23,4.547473508864641e-13,275.94,,,,,4.547473508864641e-13,4.547473508864641e-13,4.547473508864641e-13,4.547473508864641e-13,4.547473508864641e-13
ORC-SHADE,20,1,6,0.0,124.49,1.91,-0.8246,0.15,0,0.0,0.0,0.0,0.0,0.0
NL-SHADE,20,9,19,335.6387702715756,334.64,,,,,335.6387702715756,335.6387702715756,335.6387702715756,335.6387702715756,335.6387702715756
NL-SHADE,20,9,20,335.6387702715756,334.41,,,,,335.6387702715756,335.6387702715756,335.6387702715756,335.6387702715756,335.6387702715756
NL-SHADE,20,9,18,335.6387702715756,341.25,,,,,335.63877027157605,335.63877027157605,335.63877027157605,335.6387702715756,335.6387702715756
NL-SHADE,20,10,0,399.4114380521437,330.27,,,,,399.4114380521437,399.4114380521437,399.4114380521437,399.4114380521437,399.4114380521437
ORC-SHADE,20,1,7,0.0,118.6,1.89,-0.8936,0.15,0,0.0,0.0,0.0,0.0,0.0
NL-SHADE,20,11,21,4.547473508864641e-13,293.21,,,,,4.547473508864641e-13,4.547473508864641e-13,4.547473508864641e-13,4.547473508864641e-13,4.547473508864641e-13
NL-SHADE,20,10,9,402.8495798943386,329.81,,,,,402.8495798943386,402.8495798943386,402.8495798943386,402.8495798943386,402.8495798943386
NL-SHADE,20,9,16,335.6387702715756,350.11,,,,,335.6387702715756,335.6387702715756,335.6387702715756,335.6387702715756,335.6387702715756
NL-SHADE,20,11,27,4.547473508864641e-13,277.94,,,,,4.547473508864641e-13,4.547473508864641e-13,4.547473508864641e-13,4.547473508864641e-13,4.547473508864641e-13
NL-SHADE,20,9,25,335.63877027157605,339.39,,,,,335.63877027157605,335.63877027157605,335.63877027157605,335.63877027157605,335.63877027157605
NL-SHADE,20,9,15,335.6387702715756,353.04,,,,,335.6387702715756,335.6387702715756,335.6387702715756,335.6387702715756,335.6387702715756
NL-SHADE,20,10,1,396.56598271476605,339.77,,,,,396.56598271476605,396.56598271476605,396.56598271476605,396.56598271476605,396.56598271476605
NL-SHADE,20,10,3,401.18165754079064,339.85,,,,,401.18165754079064,401.18165754079064,401.18165754079064,401.18165754079064,401.18165754079064
NL-SHADE,20,9,14,335.63877027157605,356.66,,,,,335.63877027157605,335.63877027157605,335.63877027157605,335.63877027157605,335.63877027157605
NL-SHADE,20,10,7,396.5659827147665,338.08,,,,,396.5659827147665,396.5659827147665,396.5659827147665,396.5659827147665,396.5659827147665
NL-SHADE,20,11,9,4.547473508864641e-13,325.21,,,,,4.547473508864641e-13,4.547473508864641e-13,4.547473508864641e-13,4.547473508864641e-13,4.547473508864641e-13
NL-SHADE,20,10,6,400.5144455432787,342.83,,,,,400.5144455432787,400.5144455432787,400.5144455432787,400.5144455432787,400.5144455432787
NL-SHADE,20,10,5,396.56598271476605,349.05,,,,,396.56598271476605,396.56598271476605,396.56598271476605,396.56598271476605,396.56598271476605
NL-SHADE,20,10,22,399.4114380521437,341.11,,,,,399.4114380521437,399.4114380521437,399.4114380521437,399.4114380521437,399.4114380521437
NL-SHADE,20,10,21,401.18165754079064,343.44,,,,,401.18165754079064,401.18165754079064,401.18165754079064,401.18165754079064,401.18165754079064
NL-SHADE,20,10,28,399.3347435301921,342.54,,,,,399.3347435301921,399.3347435301921,399.3347435301921,399.3347435301921,399.3347435301921
NL-SHADE,20,10,27,399.08925470604754,345.38,,,,,399.08925470604754,399.08925470604754,399.08925470604754,399.08925470604754,399.08925470604754
NL-SHADE,20,11,7,4.547473508864641e-13,345.92,,,,,4.547473508864641e-13,4.547473508864641e-13,4.547473508864641e-13,4.547473508864641e-13,4.547473508864641e-13
NL-SHADE,20,11,28,4.547473508864641e-13,286.9,,,,,4.547473508864641e-13,4.547473508864641e-13,4.547473508864641e-13,4.547473508864641e-13,4.547473508864641e-13
ORC-SHADE,20,1,12,0.0,117.29,1.95,-0.2249,0.15,0,0.0,0.0,0.0,0.0,0.0
ORC-SHADE,20,1,14,0.0,116.43,1.89,0.0,0.15,0,0.0,0.0,0.0,0.0,0.0
NL-SHADE,20,11,12,4.547473508864641e-13,356.76,,,,,4.547473508864641e-13,4.547473508864641e-13,4.547473508864641e-13,4.547473508864641e-13,4.547473508864641e-13
NL-SHADE,20,11,18,4.547473508864641e-13,365.17,,,,,4.547473508864641e-13,4.547473508864641e-13,4.547473508864641e-13,4.547473508864641e-13,4.547473508864641e-13
NL-SHADE,20,11,5,4.547473508864641e-13,385.65,,,,,4.547473508864641e-13,4.547473508864641e-13,4.547473508864641e-13,4.547473508864641e-13,4.547473508864641e-13
ORC-SHADE,20,1,13,0.0,151.89,2.03,-0.0712,0.15,0,0.0,0.0,0.0,0.0,0.0
ORC-SHADE,20,1,18,0.0,117.44,1.98,0.0,0.15,0,0.0,0.0,0.0,0.0,0.0
ORC-SHADE,20,1,10,0.0,173.67,1.92,0.0,0.15,0,0.0,0.0,0.0,0.0,0.0
ORC-SHADE,20,1,17,0.0,120.38,1.97,-0.2867,0.15,0,0.0,0.0,0.0,0.0,0.0
ORC-SHADE,20,1,20,0.0,118.99,2.0,0.0,0.15,0,0.0,0.0,0.0,0.0,0.0
ORC-SHADE,20,1,19,0.0,121.81,1.89,0.0,0.15,0,0.0,0.0,0.0,0.0,0.0
ORC-SHADE,20,1,21,0.0,123.37,1.85,0.0,0.15,0,0.0,0.0,0.0,0.0,0.0
ORC-SHADE,20,1,22,0.0,123.61,1.99,0.0,0.15,0,0.0,0.0,0.0,0.0,0.0
ORC-SHADE,20,1,23,0.0,123.44,2.06,-0.0025,0.15,0,0.0,0.0,0.0,0.0,0.0
ORC-SHADE,20,1,29,0.0,116.36,2.01,0.0,0.15,0,0.0,0.0,0.0,0.0,0.0
ORC-SHADE,20,1,26,0.0,118.71,1.94,0.0,0.15,0,0.0,0.0,0.0,0.0,0.0
ORC-SHADE,20,1,27,0.0,118.2,1.94,-0.2014,0.15,0,0.0,0.0,0.0,0.0,0.0
ORC-SHADE,20,1,25,0.0,125.71,1.9,0.0,0.15,0,0.0,0.0,0.0,0.0,0.0
ORC-SHADE,20,1,11,0.0,189.11,1.91,0.0,0.15,0,0.0,0.0,0.0,0.0,0.0
ORC-SHADE,20,1,8,0.0,223.59,1.92,-0.0542,0.15,0,0.0,0.0,0.0,0.0,0.0
NL-SHADE,20,12,8,236.47359896405214,346.08,,,,,236.47359897108436,236.47359896405214,236.47359896405214,236.47359896405214,236.47359896405214
ORC-SHADE,20,2,0,49.08447897948122,127.49,1.98,0.0,0.15,0,49.08447897948122,49.08447897948122,49.08447897948122,49.08447897948122,49.08447897948122
ORC-SHADE,20,1,9,0.0,226.37,1.92,-0.3097,0.15,0,0.0,0.0,0.0,0.0,0.0
NL-SHADE,20,12,2,238.28503426513362,355.31,,,,,238.28503426513362,238.28503426513362,238.28503426513362,238.28503426513362,238.28503426513362
ORC-SHADE,20,2,2,49.08447897948122,127.02,1.96,0.0,0.15,0,49.08447897948122,49.08447897948122,49.08447897948122,49.08447897948122,49.08447897948122
NL-SHADE,20,11,15,4.547473508864641e-13,416.05,,,,,4.547473508864641e-13,4.547473508864641e-13,4.547473508864641e-13,4.547473508864641e-13,4.547473508864641e-13
ORC-SHADE,20,2,4,49.08447897948122,130.32,1.9,0.0,0.15,0,49.08447897948122,49.08447897948122,49.08447897948122,49.08447897948122,49.08447897948122
ORC-SHADE,20,2,7,49.08447897948122,128.75,2.0,0.0,0.15,0,49.08447897948122,49.08447897948122,49.08447897948122,49.08447897948122,49.08447897948122
ORC-SHADE,20,2,8,49.08447897948122,131.58,1.89,0.0,0.15,0,49.08447897948122,49.08447897948122,49.08447897948122,49.08447897948122,49.08447897948122
NL-SHADE,20,12,10,238.1426859693088,309.95,,,,,238.1426859735643,238.1426859693088,238.1426859693088,238.1426859693088,238.1426859693088
ORC-SHADE,20,2,13,49.08447897948122,129.22,1.99,0.0,0.15,0,49.08447897948122,49.08447897948122,49.08447897948122,49.08447897948122,49.08447897948122
ORC-SHADE,20,2,14,49.08447897948122,129.61,1.88,-0.0191,0.15,0,49.08447897948122,49.08447897948122,49.08447897948122,49.08447897948122,49.08447897948122
NL-SHADE,20,11,13,4.547473508864641e-13,436.13,,,,,4.547473508864641e-13,4.547473508864641e-13,4.547473508864641e-13,4.547473508864641e-13,4.547473508864641e-13
NL-SHADE,20,11,25,4.547473508864641e-13,409.91,,,,,4.547473508864641e-13,4.547473508864641e-13,4.547473508864641e-13,4.547473508864641e-13,4.547473508864641e-13
ORC-SHADE,20,2,17,49.08447897948122,128.54,1.94,0.0,0.15,0,49.08447897948122,49.08447897948122,49.08447897948122,49.08447897948122,49.08447897948122
ORC-SHADE,20,2,21,49.08447897948122,125.61,1.94,0.0,0.15,0,49.08447897948122,49.08447897948122,49.08447897948122,49.08447897948122,49.08447897948122
ORC-SHADE,20,1,24,0.0,160.4,1.9,0.0,0.15,0,0.0,0.0,0.0,0.0,0.0
NL-SHADE,20,12,9,238.28503426513362,374.64,,,,,238.28503426513362,238.28503426513362,238.28503426513362,238.28503426513362,238.28503426513362
NL-SHADE,20,12,12,238.28503426513362,315.93,,,,,238.28503426513362,238.28503426513362,238.28503426513362,238.28503426513362,238.28503426513362
ORC-SHADE,20,2,5,49.08447897948122,148.36,1.95,0.0,0.15,0,49.08447897948122,49.08447897948122,49.08447897948122,49.08447897948122,49.08447897948122
NL-SHADE,20,12,11,239.09318842165067,328.47,,,,,239.09318842165067,239.09318842165067,239.09318842165067,239.09318842165067,239.09318842165067
ORC-SHADE,20,2,3,49.08447897948122,158.02,1.93,0.0,0.15,0,49.08447897948122,49.08447897948122,49.08447897948122,49.08447897948122,49.08447897948122
NL-SHADE,20,11,19,4.547473508864641e-13,446.37,,,,,4.547473508864641e-13,4.547473508864641e-13,4.547473508864641e-13,4.547473508864641e-13,4.547473508864641e-13
NL-SHADE,20,12,17,238.28503426513362,305.6,,,,,238.28503426513362,238.28503426513362,238.28503426513362,238.28503426513362,238.28503426513362
NL-SHADE,20,11,17,4.547473508864641e-13,453.04,,,,,4.547473508864641e-13,4.547473508864641e-13,4.547473508864641e-13,4.547473508864641e-13,4.547473508864641e-13
NL-SHADE,20,12,15,238.28503426513362,322.92,,,,,238.28503426513362,238.28503426513362,238.28503426513362,238.28503426513362,238.28503426513362
ORC-SHADE,20,2,24,49.08447897948122,143.24,1.88,0.0,0.15,0,49.08447897948122,49.08447897948122,49.08447897948122,49.08447897948122,49.08447897948122
NL-SHADE,20,12,16,238.28503426513362,315.03,,,,,238.28503426513362,238.28503426513362,238.28503426513362,238.28503426513362,238.28503426513362
ORC-SHADE,20,2,20,49.08447897948122,154.67,2.07,0.0,0.15,0,49.08447897948122,49.08447897948122,49.08447897948122,49.08447897948122,49.08447897948122
NL-SHADE,20,12,20,239.09318842165067,311.27,,,,,239.09318842165067,239.09318842165067,239.09318842165067,239.09318842165067,239.09318842165067
NL-SHADE,20,12,14,238.4986411462587,335.26,,,,,238.4986411462587,238.4986411462587,238.4986411462587,238.4986411462587,238.4986411462587
NL-SHADE,20,12,24,238.28503426513362,310.65,,,,,238.28503426513362,238.28503426513362,238.28503426513362,238.28503426513362,238.28503426513362
NL-SHADE,20,12,25,239.09318842165067,310.04,,,,,239.09318842165067,239.09318842165067,239.09318842165067,239.09318842165067,239.09318842165067
ORC-SHADE,20,1,15,0.0,216.94,1.85,0.0,0.15,0,0.0,0.0,0.0,0.0,0.0
NL-SHADE,20,11,14,4.547473508864641e-13,473.63,,,,,4.547473508864641e-13,4.547473508864641e-13,4.547473508864641e-13,4.547473508864641e-13,4.547473508864641e-13
ORC-SHADE,20,2,9,49.08447897948122,179.89,1.9,0.0,0.15,0,49.08447897948122,49.08447897948122,49.08447897948122,49.08447897948122,49.08447897948122
ORC-SHADE,20,1,16,0.0,219.29,1.96,0.0,0.15,0,0.0,0.0,0.0,0.0,0.0
ORC-SHADE,20,2,10,49.08447897948122,178.08,1.93,0.0,0.15,0,49.08447897948122,49.08447897948122,49.08447897948122,49.08447897948122,49.08447897948122
NL-SHADE,20,12,23,238.28503426513362,319.95,,,,,238.28503426513362,238.28503426513362,238.28503426513362,238.28503426513362,238.28503426513362
ORC-SHADE,20,2,23,49.08447897948122,165.62,1.95,-0.0377,0.15,0,49.08447897948122,49.08447897948122,49.08447897948122,49.08447897948122,49.08447897948122
ORC-SHADE,20,1,28,0.0,197.26,2.02,0.0,0.15,0,0.0,0.0,0.0,0.0,0.0
NL-SHADE,20,12,28,238.28503426513362,318.3,,,,,238.28503426513362,238.28503426513362,238.28503426513362,238.28503426513362,238.28503426513362
NL-SHADE,20,11,0,4.547473508864641e-13,492.15,,,,,4.547473508864641e-13,4.547473508864641e-13,4.547473508864641e-13,4.547473508864641e-13,4.547473508864641e-13
NL-SHADE,20,12,29,238.28503426513362,319.74,,,,,238.28503426513362,238.28503426513362,238.28503426513362,238.28503426513362,238.28503426513362
NL-SHADE,20,12,19,238.28503426513362,329.29,,,,,238.28503426513362,238.28503426513362,238.28503426513362,238.28503426513362,238.28503426513362
ORC-SHADE,20,2,11,49.08447897948122,184.97,1.88,0.0,0.15,0,49.08447897948122,49.08447897948122,49.08447897948122,49.08447897948122,49.08447897948122
ORC-SHADE,20,2,15,49.08447897948122,181.23,1.97,0.0,0.15,0,49.08447897948122,49.08447897948122,49.08447897948122,49.08447897948122,49.08447897948122
ORC-SHADE,20,2,16,49.08447897948122,186.42,2.01,0.0,0.15,0,49.08447897948122,49.08447897948122,49.08447897948122,49.08447897948122,49.08447897948122
ORC-SHADE,20,3,1,0.0,158.0,1.11,0.0,0.15,0,0.0,0.0,0.0,0.0,0.0
ORC-SHADE,20,2,18,49.08447897948122,188.07,1.9,-0.1973,0.15,0,49.08447897948122,49.08447897948122,49.08447897948122,49.08447897948122,49.08447897948122
NL-SHADE,20,12,27,239.49735553689516,337.51,,,,,239.49735553689516,239.49735553689516,239.49735553689516,239.49735553689516,239.49735553689516
ORC-SHADE,20,3,2,0.0,160.79,1.12,0.0,0.15,0,0.0,0.0,0.0,0.0,0.0
ORC-SHADE,20,3,3,0.0,157.06,1.08,-0.9556,0.15,0,0.0,0.0,0.0,0.0,0.0
NL-SHADE,20,11,20,4.547473508864641e-13,493.66,,,,,4.547473508864641e-13,4.547473508864641e-13,4.547473508864641e-13,4.547473508864641e-13,4.547473508864641e-13
NL-SHADE,20,11,22,4.547473508864641e-13,494.53,,,,,4.547473508864641e-13,4.547473508864641e-13,4.547473508864641e-13,4.547473508864641e-13,4.547473508864641e-13
NL-SHADE,20,12,13,238.28503426513362,379.68,,,,,238.28503426513362,238.28503426513362,238.28503426513362,238.28503426513362,238.28503426513362
NL-SHADE,20,12,21,239.49735553689516,352.76,,,,,239.49735553689516,239.49735553689516,239.49735553689516,239.49735553689516,239.49735553689516
ORC-SHADE,20,2,1,49.08447897948122,226.77,1.85,0.0,0.15,0,49.08447897948122,49.08447897948122,49.08447897948122,49.08447897948122,49.08447897948122
NL-SHADE,20,12,5,238.28503426513362,449.31,,,,,238.28503426513362,238.28503426513362,238.28503426513362,238.28503426513362,238.28503426513362
NL-SHADE,20,12,18,238.28503426513362,364.74,,,,,238.28503426513362,238.28503426513362,238.28503426513362,238.28503426513362,238.28503426513362
ORC-SHADE,20,2,25,49.08447897948122,204.15,1.98,0.0,0.15,0,49.08447897948122,49.08447897948122,49.08447897948122,49.08447897948122,49.08447897948122
NL-SHADE,20,11,29,4.547473508864641e-13,466.6,,,,,4.547473508864641e-13,4.547473508864641e-13,4.547473508864641e-13,4.547473508864641e-13,4.547473508864641e-13
NL-SHADE,20,11,26,4.547473508864641e-13,496.07,,,,,4.547473508864641e-13,4.547473508864641e-13,4.547473508864641e-13,4.547473508864641e-13,4.547473508864641e-13
ORC-SHADE,20,3,0,0.0,190.95,1.07,0.0,0.15,0,0.0,0.0,0.0,0.0,0.0
NL-SHADE,20,12,4,238.28503426513362,463.15,,,,,238.28503426513362,238.28503426513362,238.28503426513362,238.28503426513362,238.28503426513362
NL-SHADE,20,11,24,4.547473508864641e-13,500.59,,,,,4.547473508864641e-13,4.547473508864641e-13,4.547473508864641e-13,4.547473508864641e-13,4.547473508864641e-13
ORC-SHADE,20,3,6,0.0,157.73,1.05,0.0,0.15,0,0.0,0.0,0.0,0.0,0.0
ORC-SHADE,20,2,6,49.08447897948122,235.68,1.9,0.0,0.15,0,49.08447897948122,49.08447897948122,49.08447897948122,49.08447897948122,49.08447897948122
ORC-SHADE,20,2,12,49.08447897948122,235.46,1.93,-0.149,0.15,0,49.08447897948122,49.08447897948122,49.08447897948122,49.08447897948122,49.08447897948122
ORC-SHADE,20,2,28,49.08447897948122,209.62,1.92,0.0,0.15,0,49.08447897948122,49.08447897948122,49.08447897948122,49.08447897948122,49.08447897948122
NL-SHADE,20,12,0,239.09318842165067,484.66,,,,,239.09318842165067,239.09318842165067,239.09318842165067,239.09318842165067,239.09318842165067
ORC-SHADE,20,3,9,0.0,155.63,1.04,0.0,0.15,0,0.0,0.0,0.0,0.0,0.0
ORC-SHADE,20,2,19,49.08447897948122,234.26,1.91,0.0,0.15,0,49.08447897948122,49.08447897948122,49.08447897948122,49.08447897948122,49.08447897948122
NL-SHADE,20,12,22,238.28503426513362,397.1,,,,,238.28503426513362,238.28503426513362,238.28503426513362,238.28503426513362,238.28503426513362
ORC-SHADE,20,3,17,0.0,155.75,1.05,-0.0004,0.15,0,0.0,0.0,0.0,0.0,0.0
ORC-SHADE,20,3,15,0.0,160.43,1.07,0.0,0.15,0,0.0,0.0,0.0,0.0,0.0
ORC-SHADE,20,3,19,0.0,156.06,1.02,0.0,0.15,0,0.0,0.0,0.0,0.0,0.0
ORC-SHADE,20,2,22,49.08447897948122,244.19,1.98,0.0,0.15,0,49.08447897948122,49.08447897948122,49.08447897948122,49.08447897948122,49.08447897948122
ORC-SHADE,20,3,14,0.0,162.62,1.07,0.0,0.15,0,0.0,0.0,0.0,0.0,0.0
ORC-SHADE,20,3,18,0.0,159.01,1.03,0.0,0.15,0,0.0,0.0,0.0,0.0,0.0
ORC-SHADE,20,3,16,0.0,163.17,1.14,-1.0,0.15,0,0.0,0.0,0.0,0.0,0.0
ORC-SHADE,20,3,4,0.0,213.3,1.05,-1.0,0.15,0,0.0,0.0,0.0,0.0,0.0
ORC-SHADE,20,2,27,49.08447897948122,238.03,1.97,0.0,0.15,0,49.08447897948122,49.08447897948122,49.08447897948122,49.08447897948122,49.08447897948122
ORC-SHADE,20,3,10,0.0,177.9,1.04,0.0,0.15,0,0.0,0.0,0.0,0.0,0.0
ORC-SHADE,20,2,26,49.08447897948122,243.4,1.95,0.0,0.15,0,49.08447897948122,49.08447897948122,49.08447897948122,49.08447897948122,49.08447897948122
ORC-SHADE,20,3,20,0.0,165.54,1.05,0.0,0.15,0,0.0,0.0,0.0,0.0,0.0
ORC-SHADE,20,2,29,49.08447897948122,240.79,1.99,0.0,0.15,0,49.08447897948122,49.08447897948122,49.08447897948122,49.08447897948122,49.08447897948122
ORC-SHADE,20,3,28,0.0,154.9,1.1,-1.0,0.15,0,0.0,0.0,0.0,0.0,0.0
ORC-SHADE,20,3,11,0.0,187.42,1.06,0.0,0.15,0,0.0,0.0,0.0,0.0,0.0
ORC-SHADE,20,3,26,0.0,160.83,1.12,0.0,0.15,0,0.0,0.0,0.0,0.0,0.0
ORC-SHADE,20,3,5,0.0,222.93,1.1,0.0,0.15,0,0.0,0.0,0.0,0.0,0.0
ORC-SHADE,20,3,12,0.0,190.46,1.09,0.0,0.15,0,0.0,0.0,0.0,0.0,0.0
ORC-SHADE,20,3,29,0.0,156.32,1.08,-1.0,0.15,0,0.0,0.0,0.0,0.0,0.0
ORC-SHADE,20,3,27,0.0,163.56,1.06,0.0,0.15,0,0.0,0.0,0.0,0.0,0.0
ORC-SHADE,20,3,13,0.0,190.81,1.11,0.0,0.15,0,0.0,0.0,0.0,0.0,0.0
ORC-SHADE,20,3,7,0.0,215.34,1.05,-1.0,0.15,0,0.0,0.0,0.0,0.0,0.0
ORC-SHADE,20,3,8,0.0,215.51,1.08,0.0,0.15,0,0.0,0.0,0.0,0.0,0.0
ORC-SHADE,20,3,22,0.0,193.12,1.03,-0.2456,0.15,0,0.0,0.0,0.0,0.0,0.0
NL-SHADE,20,12,26,238.28503426513362,445.23,,,,,238.28503426513362,238.28503426513362,238.28503426513362,238.28503426513362,238.28503426513362
NL-SHADE,20,12,1,238.28503426513362,546.21,,,,,238.28503426513362,238.28503426513362,238.28503426513362,238.28503426513362,238.28503426513362
NL-SHADE,20,12,6,238.28503426513362,546.54,,,,,238.28503429590864,238.28503426513362,238.28503426513362,238.28503426513362,238.28503426513362
ORC-SHADE,20,5,0,0.0,136.46,1.42,0.0,0.15,0,0.0,0.0,0.0,0.0,0.0
ORC-SHADE,20,5,1,0.0,139.03,1.36,0.0,0.15,0,0.0,0.0,0.0,0.0,0.0
ORC-SHADE,20,5,4,0.0,138.27,1.44,-0.1371,0.15,0,0.0,0.0,0.0,0.0,0.0
NL-SHADE,20,12,7,238.28503426513362,555.42,,,,,238.28503426513362,238.28503426513362,238.28503426513362,238.28503426513362,238.28503426513362
ORC-SHADE,20,5,7,0.0,137.57,1.36,0.0,0.15,0,0.0,0.0,0.0,0.0,0.0
ORC-SHADE,20,5,9,0.0,134.26,1.38,0.0,0.15,0,0.0,0.0,0.0,0.0,0.0
ORC-SHADE,20,5,6,0.0,142.79,1.41,0.0,0.15,0,0.0,0.0,0.0,0.0,0.0
ORC-SHADE,20,5,11,0.0,132.06,1.48,0.0,0.15,0,0.0,0.0,0.0,0.0,0.0
NL-SHADE,20,12,3,238.28503426513362,563.85,,,,,238.28503426513362,238.28503426513362,238.28503426513362,238.28503426513362,238.28503426513362
ORC-SHADE,20,5,3,0.0,147.77,1.43,0.0,0.15,0,0.0,0.0,0.0,0.0,0.0
ORC-SHADE,20,5,2,0.0,149.17,1.45,0.0,0.15,0,0.0,0.0,0.0,0.0,0.0
ORC-SHADE,20,3,24,0.0,217.7,1.1,0.0,0.15,0,0.0,0.0,0.0,0.0,0.0
ORC-SHADE,20,5,10,0.0,138.85,1.45,0.0,0.15,0,0.0,0.0,0.0,0.0,0.0
ORC-SHADE,20,5,15,0.0,135.07,1.26,0.0,0.15,0,0.0,0.0,0.0,0.0,0.0
ORC-SHADE,20,5,14,0.0,141.46,1.38,0.0,0.15,0,0.0,0.0,0.0,0.0,0.0
ORC-SHADE,20,5,18,0.0,138.02,1.45,0.0,0.15,0,0.0,0.0,0.0,0.0,0.0
ORC-SHADE,20,5,21,0.0,134.48,1.45,0.0,0.15,0,0.0,0.0,0.0,0.0,0.0
ORC-SHADE,20,5,20,0.0,138.96,1.48,-0.7578,0.15,0,0.0,0.0,0.0,0.0,0.0
ORC-SHADE,20,5,19,0.0,144.35,1.31,0.0,0.15,0,0.0,0.0,0.0,0.0,0.0
ORC-SHADE,20,5,12,0.0,162.38,1.36,-0.2781,0.15,0,0.0,0.0,0.0,0.0,0.0
ORC-SHADE,20,5,24,0.0,138.73,1.37,0.0,0.15,0,0.0,0.0,0.0,0.0,0.0
ORC-SHADE,20,5,29,0.0,132.82,1.46,0.0,0.15,0,0.0,0.0,0.0,0.0,0.0
ORC-SHADE,20,5,23,0.0,140.57,1.42,0.0,0.15,0,0.0,0.0,0.0,0.0,0.0
ORC-SHADE,20,5,28,0.0,135.05,1.4,0.0,0.15,0,0.0,0.0,0.0,0.0,0.0
ORC-SHADE,20,5,26,0.0,138.27,1.39,0.0,0.15,0,0.0,0.0,0.0,0.0,0.0
ORC-SHADE,20,3,21,0.0,254.06,1.13,0.0,0.15,0,0.0,0.0,0.0,0.0,0.0
ORC-SHADE,20,5,27,0.0,140.18,1.51,0.0,0.15,0,0.0,0.0,0.0,0.0,0.0
ORC-SHADE,20,5,25,0.0,151.48,1.3,0.0,0.15,0,0.0,0.0,0.0,0.0,0.0
ORC-SHADE,20,3,25,0.0,278.73,1.03,-0.4621,0.15,0,0.0,0.0,0.0,0.0,0.0
ORC-SHADE,20,3,23,0.0,286.46,1.08,-0.8832,0.15,0,0.0,0.0,0.0,0.0,0.0
ORC-SHADE,20,5,22,0.0,189.12,1.41,0.0,0.15,0,0.0,0.0,0.0,0.0,0.0
ORC-SHADE,20,5,8,0.0,221.54,1.34,0.0,0.15,0,0.0,0.0,0.0,0.0,0.0
ORC-SHADE,20,5,5,0.0,250.98,1.3,0.0,0.15,0,0.0,0.0,0.0,0.0,0.0
ORC-SHADE,20,4,0,24.0,316.47,12.44,-0.5,0.15,0,47.855797835771455,24.333910049954056,24.000940325204056,24.00015393155661,24.0
ORC-SHADE,20,4,2,34.00000005911022,312.73,9.52,0.0,0.15,0,58.169043048639764,34.05143843468261,34.00125510444457,34.00012744946912,34.00000005911022
ORC-SHADE,20,5,13,0.0,252.98,1.37,0.0,0.15,0,0.0,0.0,0.0,0.0,0.0
ORC-SHADE,20,5,16,0.0,246.08,1.39,0.0,0.15,0,0.0,0.0,0.0,0.0,0.0
NL-SHADE,20,7,10,20.281225402703967,848.56,,,,,29.521042982188874,22.193368135047194,20.613647004873428,20.41655025476257,20.281225402703967
NL-SHADE,20,7,3,20.439553082610246,853.62,,,,,26.573576129728735,22.430932725198545,20.918092074254446,20.57801771792515,20.439553082610246
NL-SHADE,20,7,17,20.222133936580576,851.09,,,,,27.196683809059095,22.018789181768398,20.531313830680347,20.421652282085915,20.222133936580576
ORC-SHADE,20,5,17,0.0,253.21,1.42,0.0,0.15,0,0.0,0.0,0.0,0.0,0.0
NL-SHADE,20,7,7,7.195502373139789,859.07,,,,,35.36196752048795,22.98055581376525,20.54713912875991,10.055276277317489,7.195502373139789
NL-SHADE,20,7,6,20.281332408585513,860.65,,,,,30.07814786973813,22.29683933150227,20.72453952078604,20.388627467513743,20.281332408585513
NL-SHADE,20,7,11,20.120240303978107,860.72,,,,,27.13347285093937,22.512651251377747,20.61145188197611,20.378749819948098,20.120240303978107
NL-SHADE,20,7,20,20.293546163064548,860.84,,,,,27.27826667636441,22.431609950566326,21.00603283259443,20.364198853903417,20.293546163064548
NL-SHADE,20,7,22,20.551783450718403,863.36,,,,,30.842472537151707,22.628453800986108,20.769580005621265,20.611967253702232,20.551783450718403
NL-SHADE,20,7,5,20.47169976846976,870.84,,,,,28.504672051991975,22.480115483145482,20.689958124246232,20.63469948931106,20.47169976846976
NL-SHADE,20,7,14,20.446140586753245,869.16,,,,,30.264976490049776,23.023856307468805,21.090284509619096,20.632703760035156,20.446140586753245
NL-SHADE,20,7,4,20.27144396741619,875.91,,,,,29.85374360125047,21.746033532782803,20.604484433444895,20.442298362038855,20.27144396741619
ORC-SHADE,20,4,5,24.000000106249445,350.24,11.16,0.0,0.15,0,44.167457301942136,24.37130422131861,24.00050050284449,24.000005686671898,24.000000106249445
NL-SHADE,20,7,23,20.36071948347694,875.82,,,,,31.05689922809279,23.1013777128328,20.844889650810046,20.471752254212788,20.36071948347694
ORC-SHADE,20,4,17,30.000000559163936,336.91,9.83,0.0,0.15,0,49.065937000625695,30.05477031933549,30.00195155496874,30.000306246241735,30.000000559163936
ORC-SHADE,20,4,7,30.00000145767558,358.42,13.28,0.0,0.15,0,46.18742063795662,30.099825580016272,30.00121781473831,30.00008738402653,30.00000145767558
NL-SHADE,20,7,16,20.32664213615294,890.16,,,,,30.326970009658453,22.193167886709944,20.734670706973475,20.528444232457105,20.32664213615294
ORC-SHADE,20,4,20,34.00000069089481,339.75,11.15,0.0,0.15,0,40.29838491202622,36.06575998926235,34.094048704792954,34.00018053447286,34.00000069089481
NL-SHADE,20,7,29,20.30223552629377,886.02,,,,,30.744875804597314,22.130495831747112,20.76752628118129,20.386610452156447,20.30223552629377
ORC-SHADE,20,4,25,32.000000000000114,333.56,11.49,-0.5138,0.15,0,52.30271982508782,32.336886235704696,32.00481580985911,32.00017004097231,32.000000000000114
ORC-SHADE,20,4,10,18.000000897272912,366.39,14.4,-0.0266,0.15,1,58.62596527597452,18.66795129107527,18.001131419280455,18.00024218825945,18.000000897272912
ORC-SHADE,20,4,21,32.0000000487031,345.02,10.76,0.0,0.15,0,47.35172979167169,32.38487800771668,32.000337010280646,32.00002999131539,32.0000000487031
ORC-SHADE,20,4,22,34.00000000448915,342.37,12.87,0.0,0.15,0,37.96135756658191,34.03146451294947,34.00018780534356,34.00001003542911,34.00000000448915
ORC-SHADE,20,6,4,0.42887175829559965,272.46,49.24,0.0,0.15,0,2.717364834365071,0.4485411600956013,0.4375724319904748,0.42890385230930406,0.42887175829559965
ORC-SHADE,20,4,18,28.000000051805614,357.25,12.68,-0.168,0.15,1,57.78800159182583,28.087178504159965,28.00173194076274,28.0000357524533,28.000000051805614
ORC-SHADE,20,4,13,28.000000883434495,374.68,14.46,0.0,0.15,0,39.951998808316716,28.023450713627426,28.000700573611994,28.000111137748036,28.000000883434495
ORC-SHADE,20,4,28,26.000001959528845,351.45,13.43,0.0,0.15,0,59.61500300675357,26.478676738984518,26.004208666993577,26.000195693312776,26.000001959528845
ORC-SHADE,20,4,4,32.0,395.28,11.39,0.0,0.15,0,59.338412024628155,32.46691568701215,32.00305663833069,32.00014448629463,32.0
NL-SHADE,20,7,13,20.69052723089817,922.19,,,,,30.10656167237471,21.696626726652767,20.8018798829562,20.719141017928905,20.69052723089817
NL-SHADE,20,7,24,20.121334842865963,922.17,,,,,28.58206147604733,22.06900926780486,21.093450128790664,20.288744841970583,20.121334842865963
ORC-SHADE,20,4,16,26.00000193099072,391.17,12.02,0.0,0.15,0,48.51967131155311,26.075682679924284,26.001331988603965,26.00020358428401,26.00000193099072
ORC-SHADE,20,4,15,20.00000011571376,400.17,11.24,0.0,0.15,0,38.6761181021335,20.042688791036312,20.003346093462483,20.00023798705081,20.00000011571376
ORC-SHADE,20,4,9,18.000014282131474,415.21,11.75,0.0,0.15,0,63.05997912321129,18.576512533970003,18.004015691720497,18.000365398696772,18.000014282131474
ORC-SHADE,20,6,2,0.4875449586036211,315.31,46.52,0.0,0.15,0,2.1060788954532654,0.49145411679910467,0.4885303435062269,0.487545341401983,0.4875449586036211
ORC-SHADE,20,6,12,0.29539850109904364,299.81,50.97,-0.5633,0.15,2,4.1475980081208945,0.3307643468756396,0.3123729774331423,0.2973071538910972,0.29539850109904364
ORC-SHADE,20,6,11,0.3710691006435809,302.59,53.03,-0.604,0.15,2,2.8729478318773545,0.402185594056391,0.3830502855882969,0.3711686972405914,0.3710691006435809
ORC-SHADE,20,6,8,0.40723562289940674,305.9,49.12,-0.1368,0.15,0,3.2546844794414937,0.43133540531994186,0.4196455347707797,0.40964259552083604,0.40723562289940674
ORC-SHADE,20,6,13,0.45014360871755343,305.96,52.25,-0.3024,0.15,1,1.6603910547551095,0.46817461012301465,0.4636274244030574,0.45060115873297946,0.45014360871755343
ORC-SHADE,20,6,24,0.47217589627803136,286.58,51.39,-0.0173,0.15,0,2.5560946477030484,0.47868768189709954,0.4749513360798119,0.47242701805589604,0.47217589627803136
ORC-SHADE,20,6,20,0.3932373026643745,292.67,52.07,-0.0678,0.15,2,2.29470524927342,0.4117910008076251,0.3981860934841279,0.3932654681807435,0.3932373026643745
ORC-SHADE,20,4,14,20.000002697728178,417.65,9.84,-0.0008,0.15,1,53.5964680964845,20.760252448466986,20.002544116140257,20.000915274634053,20.000002697728178
ORC-SHADE,20,6,18,1.4865184477039293,305.02,51.33,0.0,0.15,0,4.781714643939722,1.4887516981575573,1.4873594820980998,1.4865188263640903,1.4865184477039293
ORC-SHADE,20,6,26,0.18641827610827022,303.7,50.78,-0.3087,0.15,1,3.6553949875205944,0.24530323812496135,0.2195438812930206,0.19240876092453618,0.18641827610827022
ORC-SHADE,20,4,19,26.000000097449174,427.76,12.15,-0.1124,0.15,0,42.01550931540373,26.063250703672793,26.001273174279163,26.000024967701734,26.000000097449174
ORC-SHADE,20,6,27,0.43086482803823856,304.67,51.3,-0.25,0.15,1,1.5843488536904715,0.45782116787609084,0.44287771040649204,0.4342868430346698,0.43086482803823856
ORC-SHADE,20,6,28,0.25950349475283474,297.76,50.66,-0.1652,0.15,0,5.238234366569031,0.42160628909459774,0.33825420304992804,0.25952625228433135,0.25950349475283474
NL-SHADE,20,7,8,20.6380658805067,986.25,,,,,27.290810715324824,22.73629790394716,21.245656290129546,21.009951027953548,20.6380658805067
NL-SHADE,20,7,21,20.543094189197518,980.64,,,,,27.306840519677735,22.050752370171267,20.79074961929632,20.60112344015488,20.543094189197518
ORC-SHADE,20,6,22,0.47706564915733907,312.5,52.06,-0.0177,0.15,0,3.0986244226344297,0.48258827696190565,0.4796779149278336,0.4771294638130712,0.47706564915733907
ORC-SHADE,20,4,26,24.00000030490321,432.48,12.44,0.0,0.15,0,52.47999784698629,26.10446491498294,26.000266270744305,24.000769478119878,24.00000030490321
ORC-SHADE,20,4,8,14.000005666404832,471.96,13.05,0.0,0.15,0,50.03088441007526,14.458673235785682,14.002506909008162,14.000114803365477,14.000005666404832
ORC-SHADE,20,6,29,0.4943648006926651,312.99,43.62,0.0,0.15,0,1.139743287265219,0.4960777032006263,0.495153830043364,0.494386092279683,0.4943648006926651
ORC-SHADE,20,4,1,22.00000072503201,489.48,10.35,0.0,0.15,0,48.140326255668924,22.021103133984525,22.000619982003172,22.00013321266499,22.00000072503201
NL-SHADE,20,7,1,20.148919691336232,1015.55,,,,,31.003107764332754,21.725933248319052,20.561601738323816,20.19703975277389,20.148919691336232
NL-SHADE,20,7,15,20.091930596150632,1008.9,,,,,28.642059037389117,22.113903095069873,20.88924610088634,20.1209212239894,20.091930596150632
ORC-SHADE,20,6,0,0.4775163826186599,394.74,53.42,-0.1559,0.15,1,2.265130030532873,0.4877326131495465,0.48321586332531297,0.47764047971145374,0.4775163826186599
ORC-SHADE,20,6,23,0.40941667720949226,358.78,51.23,-0.0152,0.15,1,2.1110148108855356,0.44425282184806747,0.4330643493290154,0.4129797972448159,0.40941667720949226
ORC-SHADE,20,6,16,0.37494989052538585,373.2,52.08,-0.5,0.15,1,2.3425684345440914,0.41520542407033645,0.3925965864327736,0.37979724251590596,0.37494989052538585
ORC-SHADE,20,6,19,0.45473747236110285,370.9,52.36,-0.3488,0.15,1,2.267967113960367,0.47142099505617807,0.45868175095188235,0.4549161740224008,0.45473747236110285
ORC-SHADE,20,4,29,28.000000634350954,470.11,11.82,0.0,0.15,0,48.10008467579212,28.06533342908483,28.003299120190945,28.0000955636026,28.000000634350954
ORC-SHADE,20,4,6,24.000008540571685,517.74,12.37,0.0,0.15,0,32.30390285376825,24.158182279004563,24.002237770075908,24.000532455604116,24.000008540571685
ORC-SHADE,20,4,12,30.000002755952323,513.38,9.2,0.0,0.15,0,45.386469068140514,30.026624918288576,30.00222417180794,30.000130313386535,30.000002755952323
NL-SHADE,20,7,9,20.11738768392229,1057.52,,,,,29.03603025898019,23.20892771037711,21.028014091573823,20.279002093823237,20.11738768392229
ORC-SHADE,20,6,25,0.47453304059172297,386.13,51.27,-0.235,0.15,2,3.433820412279829,0.4816790896668408,0.4779064278984606,0.4745386960032647,0.47453304059172297
NL-SHADE,20,7,12,20.222641511851634,1060.74,,,,,28.16187931105651,22.29043572086084,20.98296869611272,20.356881573183273,20.222641511851634
ORC-SHADE,20,6,9,0.47562839761894793,413.02,52.82,0.0,0.15,0,1.5856422536469381,0.48312465347976286,0.47957299703853096,0.4774253968219,0.47562839761894793
ORC-SHADE,20,4,3,20.00004852173231,540.16,13.23,0.0,0.15,0,41.17975618413402,20.483627540217185,20.006901141349772,20.00056186155564,20.00004852173231
NL-SHADE,20,7,2,20.313453757813704,1089.42,,,,,29.720150505412903,22.28005039622144,21.127920422477928,20.53212527190476,20.313453757813704
NL-SHADE,20,7,18,20.613448617043105,1094.97,,,,,30.39781144820745,23.392492464166025,21.500704329063865,20.74138425966521,20.613448617043105
ORC-SHADE,20,6,14,1.4816011753528073,445.96,52.46,0.0,0.15,0,2.8917565048507186,1.486608548778804,1.4843099684012486,1.4816033324714226,1.4816011753528073
ORC-SHADE,20,6,21,1.5897535276189956,437.67,53.31,-0.1277,0.15,0,3.0252398389256996,1.6091488740296427,1.59029411863321,1.5897605822842706,1.5897535276189956
ORC-SHADE,20,4,27,18.00000029177204,538.43,11.6,0.0,0.15,0,57.05960011543959,21.559003625686728,18.00473543449425,18.00017770872614,18.00000029177204
ORC-SHADE,20,6,10,0.49529648449401975,459.42,46.73,0.0,0.15,0,1.8196824131960057,0.4976218773133496,0.4966345225484474,0.49542557691984257,0.49529648449401975
ORC-SHADE,20,6,7,0.280799942109752,462.49,51.17,-0.2264,0.15,2,3.838184219670893,0.33054747553273955,0.3112851194348423,0.2808138637844877,0.280799942109752
ORC-SHADE,20,4,11,20.000002875654218,578.13,10.77,0.0,0.15,0,32.140819519502315,20.166443243376534,20.003172465114517,20.000156687546905,20.000002875654218
NL-SHADE,20,7,27,20.533801057068786,1106.73,,,,,27.592480549940092,22.83406328858814,21.25115498535706,20.663684353397457,20.533801057068786
ORC-SHADE,20,4,24,32.000000020237394,558.46,10.56,0.0,0.15,0,45.892614419228835,32.0199448355271,32.00015220876094,32.000009174874435,32.000000020237394
NL-SHADE,20,7,0,20.617118774168148,1126.77,,,,,27.011280106964023,23.02817335677014,21.090236074974428,20.790519949979398,20.617118774168148
ORC-SHADE,20,6,5,0.4085841809790054,489.1,47.14,-0.1269,0.15,1,2.1589855898607766,0.44233740690492596,0.4199119141837855,0.40860838699063606,0.4085841809790054
ORC-SHADE,20,6,15,0.4788234561108311,469.73,51.78,-0.3229,0.15,1,2.416693521427078,0.4854835031210314,0.4819715475259727,0.4788393398414428,0.4788234561108311
ORC-SHADE,20,6,6,1.3051689673650344,483.94,51.31,-0.5,0.15,2,2.965795981056999,1.375976620791107,1.3357828634746056,1.3063873112289457,1.3051689673650344
ORC-SHADE,20,4,23,22.000000776746447,571.28,14.65,-0.1167,0.15,1,51.91140893854288,22.06308380452049,22.000459734539845,22.000066397928776,22.000000776746447
NL-SHADE,20,7,19,20.318030993969842,1135.97,,,,,26.72471323082732,22.44050384876641,20.702202671919167,20.395061705457465,20.318030993969842
ORC-SHADE,20,6,1,0.4467709329956051,514.67,49.83,-0.5792,0.15,0,2.3453976719138154,0.46622650834842716,0.45430648500359894,0.4472330939611311,0.4467709329956051
NL-SHADE,20,7,25,20.572990162866972,1146.09,,,,,30.576106348044277,22.22554676064692,21.17224957852204,20.726108852193192,20.572990162866972
ORC-SHADE,20,6,3,0.17276343184084908,533.94,50.77,-0.4184,0.15,1,2.431325561136873,0.27210711822385747,0.22631979467269048,0.1951330840574883,0.17276343184084908
ORC-SHADE,20,9,3,335.6387702715756,266.06,3.6,0.0,0.15,0,335.6387702715756,335.6387702715756,335.6387702715756,335.6387702715756,335.6387702715756
ORC-SHADE,20,9,1,335.6387702715756,272.04,2.5,0.0,0.15,0,335.63877027157605,335.6387702715756,335.6387702715756,335.6387702715756,335.6387702715756
ORC-SHADE,20,9,10,335.6387702715756,246.75,2.48,0.0,0.15,0,335.6387702715756,335.6387702715756,335.6387702715756,335.6387702715756,335.6387702715756
ORC-SHADE,20,9,5,335.63877027157605,266.42,2.37,0.0,0.15,0,335.63877027157605,335.63877027157605,335.63877027157605,335.63877027157605,335.63877027157605
ORC-SHADE,20,9,8,335.63877027157605,253.88,2.55,-0.0077,0.15,0,335.63877027157605,335.63877027157605,335.63877027157605,335.63877027157605,335.63877027157605
NL-SHADE,20,8,3,20.800381699882564,1190.28,,,,,26.321163138007705,22.292297649381453,21.72177212080487,20.922941427538717,20.800381699882564
ORC-SHADE,20,9,4,335.6387702715756,296.91,2.65,0.0,0.15,0,335.6387702715756,335.6387702715756,335.6387702715756,335.6387702715756,335.6387702715756
ORC-SHADE,20,6,17,0.4899322836590727,544.91,52.0,-0.3864,0.15,1,3.5977503536253153,0.4945554195094246,0.4911526740429508,0.4905194223254057,0.4899322836590727
ORC-SHADE,20,9,15,335.6387702715756,254.08,2.69,0.0,0.15,0,335.63877027157605,335.6387702715756,335.6387702715756,335.6387702715756,335.6387702715756
ORC-SHADE,20,9,16,335.63877027157605,255.42,2.43,-0.1251,0.15,0,335.63877027157605,335.63877027157605,335.63877027157605,335.63877027157605,335.63877027157605
NL-SHADE,20,8,12,21.120863144922623,1194.33,,,,,27.35707961960952,24.29831507284098,21.13349539033652,21.121209213409657,21.120863144922623
ORC-SHADE,20,9,17,335.6387702715756,254.56,2.73,-0.9649,0.15,0,335.6387702715756,335.6387702715756,335.6387702715756,335.6387702715756,335.6387702715756
NL-SHADE,20,8,10,1.1684890988653933,1199.08,,,,,13.389859732406876,6.0647454392237705,1.2960864930623757,1.216866638205829,1.1684890988653933
ORC-SHADE,20,9,11,335.63877027157605,277.25,2.48,0.0,0.15,0,335.63877027157605,335.63877027157605,335.63877027157605,335.63877027157605,335.63877027157605
ORC-SHADE,20,9,19,335.6387702715756,258.94,2.47,-0.5,0.15,0,335.63877027157605,335.6387702715756,335.6387702715756,335.6387702715756,335.6387702715756
ORC-SHADE,20,9,2,335.6387702715756,315.45,10.71,0.0,0.15,0,335.63877027157605,335.63877027157605,335.6387702715756,335.6387702715756,335.6387702715756
NL-SHADE,20,8,6,1.8261335321417391,1206.61,,,,,24.790931583313522,4.090697590329,2.9657703534130633,2.1658346136559885,1.8261335321417391
NL-SHADE,20,8,20,0.9180737133260664,1208.18,,,,,9.483112862016242,3.0731156844180987,1.5329785191865994,1.4991266934189298,0.9180737133260664
ORC-SHADE,20,9,25,335.6387702715756,253.11,2.56,-0.2156,0.15,0,335.6387702715756,335.6387702715756,335.6387702715756,335.6387702715756,335.6387702715756
ORC-SHADE,20,9,14,335.63877027157605,287.14,2.36,0.0,0.15,0,335.63877027157605,335.63877027157605,335.63877027157605,335.63877027157605,335.63877027157605
ORC-SHADE,20,9,27,335.6387702715756,251.51,2.57,-0.1541,0.15,0,335.6387702715756,335.6387702715756,335.6387702715756,335.6387702715756,335.6387702715756
ORC-SHADE,20,9,23,335.6387702715756,259.48,3.12,0.0,0.15,0,335.63877027157605,335.6387702715756,335.6387702715756,335.6387702715756,335.6387702715756
ORC-SHADE,20,10,0,401.18165754079064,244.12,2.1,0.0,0.15,0,401.18165754079064,401.18165754079064,401.18165754079064,401.18165754079064,401.18165754079064
ORC-SHADE,20,9,0,335.63877027157605,350.24,2.45,-0.1385,0.15,0,335.63877027157605,335.63877027157605,335.63877027157605,335.63877027157605,335.63877027157605
NL-SHADE,20,8,4,20.890417064741996,1243.63,,,,,27.20080697099229,22.74751291988241,21.5538333891227,21.330089667364064,20.890417064741996
ORC-SHADE,20,9,24,335.6387702715756,280.75,3.14,0.0,0.15,0,335.63877027157605,335.6387702715756,335.6387702715756,335.6387702715756,335.6387702715756
ORC-SHADE,20,10,4,396.56598271476605,252.97,2.34,-0.0016,0.15,0,396.56598271476605,396.56598271476605,396.56598271476605,396.56598271476605,396.56598271476605
NL-SHADE,20,7,28,20.862579393540955,1256.46,,,,,31.738470819717122,23.246607966856573,21.469664636556445,20.973444135479895,20.862579393540955
ORC-SHADE,20,9,22,335.6387702715756,297.9,2.85,-0.0085,0.15,0,335.63877027157605,335.6387702715756,335.6387702715756,335.6387702715756,335.6387702715756
ORC-SHADE,20,9,6,335.63877027157605,349.25,2.5,-0.356,0.15,0,335.63877027157605,335.63877027157605,335.63877027157605,335.63877027157605,335.63877027157605
ORC-SHADE,20,10,7,398.7957610871549,245.53,2.22,-0.1227,0.15,0,398.7957610871549,398.7957610871549,398.7957610871549,398.7957610871549,398.7957610871549
NL-SHADE,20,8,16,20.984109600735337,1258.9,,,,,26.234984714503753,23.133777048468346,21.440306455263,21.095629267585082,20.984109600735337
ORC-SHADE,20,9,7,335.6387702715756,358.15,15.0,0.0,0.15,0,335.63877027157605,335.63877027157605,335.63877027157605,335.6387702715756,335.6387702715756
ORC-SHADE,20,10,3,399.82391774360667,270.1,3.71,-0.2203,0.15,0,399.82391774360667,399.82391774360667,399.82391774360667,399.82391774360667,399.82391774360667
ORC-SHADE,20,9,18,335.6387702715756,325.62,3.3,0.0,0.15,0,335.63877027157605,335.6387702715756,335.6387702715756,335.6387702715756,335.6387702715756
ORC-SHADE,20,10,9,396.56598271476605,250.57,2.43,0.0,0.15,0,396.56598271476605,396.56598271476605,396.56598271476605,396.56598271476605,396.56598271476605
ORC-SHADE,20,10,10,401.18165754079064,253.93,2.25,0.0,0.15,0,401.18165754079064,401.18165754079064,401.18165754079064,401.18165754079064,401.18165754079064
ORC-SHADE,20,10,2,396.56598271476605,293.24,2.6,-0.3457,0.15,0,396.5659827147665,396.56598271476605,396.56598271476605,396.56598271476605,396.56598271476605
ORC-SHADE,20,10,12,401.37018076311097,247.16,2.19,0.0,0.15,0,401.37018076311097,401.37018076311097,401.37018076311097,401.37018076311097,401.37018076311097
ORC-SHADE,20,10,6,400.5144455432787,288.45,1.67,0.0,0.15,0,400.5144455432787,400.5144455432787,400.5144455432787,400.5144455432787,400.5144455432787
ORC-SHADE,20,10,16,396.56598271476605,246.7,2.28,0.0,0.15,0,396.56598271476605,396.56598271476605,396.56598271476605,396.56598271476605,396.56598271476605
ORC-SHADE,20,9,20,335.63877027157605,361.05,2.53,-0.7416,0.15,0,335.63877027157605,335.63877027157605,335.63877027157605,335.63877027157605,335.63877027157605
ORC-SHADE,20,10,15,398.7957610871549,261.6,2.14,-0.4099,0.15,0,398.7957610871549,398.7957610871549,398.7957610871549,398.7957610871549,398.7957610871549
ORC-SHADE,20,10,18,396.56598271476605,250.57,2.22,0.0,0.15,0,396.56598271476605,396.56598271476605,396.56598271476605,396.56598271476605,396.56598271476605
ORC-SHADE,20,9,21,335.63877027157605,374.17,2.58,0.0,0.15,0,335.63877027157605,335.63877027157605,335.63877027157605,335.63877027157605,335.63877027157605
NL-SHADE,20,8,22,1.1082293191966528,1311.89,,,,,25.72144826957765,19.490542460566758,1.4579132151961858,1.3519419461995312,1.1082293191966528
NL-SHADE,20,8,11,20.589866391071155,1320.8,,,,,26.77417772866147,20.635612282611874,20.59094731511641,20.589866391071155,20.589866391071155
ORC-SHADE,20,10,19,399.4114380521437,240.96,2.11,0.0,0.15,0,399.4114380521437,399.4114380521437,399.4114380521437,399.4114380521437,399.4114380521437
ORC-SHADE,20,10,20,398.7957610871549,248.34,2.25,0.0,0.15,0,398.7957610871549,398.7957610871549,398.7957610871549,398.7957610871549,398.7957610871549
ORC-SHADE,20,10,17,398.7957610871549,290.8,2.11,-0.4879,0.15,0,398.7957610871549,398.7957610871549,398.7957610871549,398.7957610871549,398.7957610871549
NL-SHADE,20,8,29,0.9304461394649479,1335.94,,,,,13.268324056125039,3.0114319150520714,2.1046216849608754,1.483262404461584,0.9304461394649479
ORC-SHADE,20,10,13,401.18165754079064,308.82,2.2,0.0,0.15,0,401.18165754079064,401.18165754079064,401.18165754079064,401.18165754079064,401.18165754079064
NL-SHADE,20,8,28,20.96052558428846,1338.27,,,,,26.315112762192257,22.082462998006577,21.52155494383078,21.291589537426717,20.96052558428846
ORC-SHADE,20,10,23,400.74180588996296,258.72,1.7,0.0,0.15,0,400.74180588996296,400.74180588996296,400.74180588996296,400.74180588996296,400.74180588996296
ORC-SHADE,20,9,9,335.6387702715756,444.93,2.62,-0.0563,0.15,0,335.6387702715756,335.6387702715756,335.6387702715756,335.6387702715756,335.6387702715756
NL-SHADE,20,8,25,7.187555473654811,1348.18,,,,,24.820894043142744,19.381401988103335,15.255259742294584,10.561653543977627,7.187555473654811
ORC-SHADE,20,10,8,398.79576108715446,344.81,3.42,0.0,0.15,0,398.79576108715446,398.79576108715446,398.79576108715446,398.79576108715446,398.79576108715446
ORC-SHADE,20,9,29,335.6387702715756,396.01,14.03,0.0,0.15,0,335.6387702715756,335.6387702715756,335.6387702715756,335.6387702715756,335.6387702715756
NL-SHADE,20,8,26,0.2809710931214795,1365.75,,,,,11.395698758826256,4.31454708061392,0.2809710931214795,0.2809710931214795,0.2809710931214795
ORC-SHADE,20,10,28,401.18165754079064,273.38,2.27,0.0,0.15,0,401.18165754079064,401.18165754079064,401.18165754079064,401.18165754079064,401.18165754079064
ORC-SHADE,20,9,28,335.6387702715756,412.79,2.91,0.0,0.15,0,335.63877027157605,335.6387702715756,335.6387702715756,335.6387702715756,335.6387702715756
ORC-SHADE,20,9,13,335.6387702715756,451.66,2.83,-0.244,0.15,0,335.63877027157605,335.6387702715756,335.6387702715756,335.6387702715756,335.6387702715756
ORC-SHADE,20,9,12,335.6387702715756,456.58,3.21,-0.5,0.15,0,335.63877027157605,335.6387702715756,335.6387702715756,335.6387702715756,335.6387702715756
ORC-SHADE,20,9,26,335.6387702715756,429.12,2.9,-0.1259,0.15,0,335.6387702715756,335.6387702715756,335.6387702715756,335.6387702715756,335.6387702715756
ORC-SHADE,20,10,1,399.08925470604754,413.46,2.11,-0.461,0.15,0,399.08925470604754,399.08925470604754,399.08925470604754,399.08925470604754,399.08925470604754
ORC-SHADE,20,10,22,397.29424551056536,316.93,2.36,0.0,0.15,0,397.29424551056536,397.29424551056536,397.29424551056536,397.29424551056536,397.29424551056536
ORC-SHADE,20,10,5,399.08925470604754,422.8,2.14,0.0,0.15,0,399.08925470604754,399.08925470604754,399.08925470604754,399.08925470604754,399.08925470604754
ORC-SHADE,20,10,14,398.7957610871549,394.95,2.2,0.0,0.15,0,398.7957610871549,398.7957610871549,398.7957610871549,398.7957610871549,398.7957610871549
ORC-SHADE,20,11,0,4.547473508864641e-13,335.21,3.07,0.0,0.15,0,2.7284841053187847e-12,4.547473508864641e-13,4.547473508864641e-13,4.547473508864641e-13,4.547473508864641e-13
NL-SHADE,20,8,27,20.32608313080027,1439.47,,,,,25.31634297131268,24.61096386968802,20.331791344971407,20.326448507818895,20.32608313080027
NL-SHADE,20,8,9,0.9278652507614424,1450.85,,,,,8.93460354155468,2.4866774227689348,1.2742409613629206,1.0825472331493984,0.9278652507614424
ORC-SHADE,20,10,11,398.7957610871549,421.77,2.1,0.0,0.15,0,398.7957610871549,398.7957610871549,398.7957610871549,398.7957610871549,398.7957610871549
NL-SHADE,20,8,24,20.655810975546046,1445.8,,,,,26.711692493054215,24.144482772495394,20.75177184121503,20.655810975546046,20.655810975546046
ORC-SHADE,20,10,21,404.54887862117585,363.06,1.64,-0.0061,0.15,0,404.54887862117585,404.54887862117585,404.54887862117585,404.54887862117585,404.54887862117585
ORC-SHADE,20,11,3,4.547473508864641e-13,339.6,3.15,0.0,0.15,0,6.366462912410498e-12,4.547473508864641e-13,4.547473508864641e-13,4.547473508864641e-13,4.547473508864641e-13
NL-SHADE,20,8,23,1.2295181421732195,1462.54,,,,,25.705232717778017,8.440857418147516,2.00192286994843,1.2734637878252215,1.2295181421732195
ORC-SHADE,20,10,27,400.5144455432787,368.56,1.81,-0.1667,0.15,0,400.5144455432787,400.5144455432787,400.5144455432787,400.5144455432787,400.5144455432787
ORC-SHADE,20,11,1,4.547473508864641e-13,358.12,3.15,0.0,0.15,0,5.002220859751105e-12,4.547473508864641e-13,4.547473508864641e-13,4.547473508864641e-13,4.547473508864641e-13
ORC-SHADE,20,10,25,400.74180588996296,377.79,1.65,0.0,0.15,0,400.74180588996296,400.74180588996296,400.74180588996296,400.74180588996296,400.74180588996296
ORC-SHADE,20,10,29,397.29424551056536,365.52,2.16,0.0,0.15,0,397.29424551056536,397.29424551056536,397.29424551056536,397.29424551056536,397.29424551056536
ORC-SHADE,20,11,2,4.547473508864641e-13,364.47,3.08,0.0,0.15,0,2.2737367544323206e-12,4.547473508864641e-13,4.547473508864641e-13,4.547473508864641e-13,4.547473508864641e-13
ORC-SHADE,20,10,24,396.56598271476605,386.04,5.15,0.0,0.15,0,396.56598271476605,396.56598271476605,396.56598271476605,396.56598271476605,396.56598271476605
ORC-SHADE,20,11,5,4.547473508864641e-13,346.02,3.22,0.0,0.15,0,7.73070496506989e-12,4.547473508864641e-13,4.547473508864641e-13,4.547473508864641e-13,4.547473508864641e-13
NL-SHADE,20,8,21,21.08499340069784,1483.22,,,,,26.361581678303537,24.762871737892056,21.092758071616117,21.092107505400236,21.08499340069784
NL-SHADE,20,8,5,0.4518578373326818,1494.52,,,,,10.826263201121037,3.2037247967132316,1.8117114076553662,0.5194756766413775,0.4518578373326818
ORC-SHADE,20,11,11,4.547473508864641e-13,335.56,3.19,0.0,0.15,0,5.4569682106375694e-12,4.547473508864641e-13,4.547473508864641e-13,4.547473508864641e-13,4.547473508864641e-13
ORC-SHADE,20,10,26,397.29424551056536,402.04,2.21,-0.317,0.15,0,397.29424551056536,397.29424551056536,397.29424551056536,397.29424551056536,397.29424551056536
NL-SHADE,20,8,19,1.0867622892956206,1496.43,,,,,10.419829598038177,3.2726216253067832,1.7072320767524616,1.1174112988701381,1.0867622892956206
ORC-SHADE,20,11,10,4.547473508864641e-13,344.65,3.08,0.0,0.15,0,2.2737367544323206e-12,4.547473508864641e-13,4.547473508864641e-13,4.547473508864641e-13,4.547473508864641e-13
ORC-SHADE,20,11,7,4.547473508864641e-13,357.44,3.08,0.0,0.15,0,2.2737367544323206e-12,4.547473508864641e-13,4.547473508864641e-13,4.547473508864641e-13,4.547473508864641e-13
ORC-SHADE,20,11,9,4.547473508864641e-13,364.02,3.13,0.0,0.15,0,3.183231456205249e-12,4.547473508864641e-13,4.547473508864641e-13,4.547473508864641e-13,4.547473508864641e-13
NL-SHADE,20,7,26,20.51897104744603,1534.32,,,,,29.856738180877073,22.681442914194804,20.94645918927972,20.55814454460142,20.51897104744603
ORC-SHADE,20,11,15,4.547473508864641e-13,339.02,3.13,0.0,0.15,0,2.7284841053187847e-12,4.547473508864641e-13,4.547473508864641e-13,4.547473508864641e-13,4.547473508864641e-13
ORC-SHADE,20,11,12,4.547473508864641e-13,344.52,3.16,0.0,0.15,0,2.7284841053187847e-12,4.547473508864641e-13,4.547473508864641e-13,4.547473508864641e-13,4.547473508864641e-13
ORC-SHADE,20,11,18,4.547473508864641e-13,337.66,3.16,0.0,0.15,0,5.4569682106375694e-12,4.547473508864641e-13,4.547473508864641e-13,4.547473508864641e-13,4.547473508864641e-13
ORC-SHADE,20,11,16,4.547473508864641e-13,341.34,3.06,0.0,0.15,0,2.2737367544323206e-12,4.547473508864641e-13,4.547473508864641e-13,4.547473508864641e-13,4.547473508864641e-13
ORC-SHADE,20,11,17,4.547473508864641e-13,342.45,3.1,0.0,0.15,0,1.8189894035458565e-12,4.547473508864641e-13,4.547473508864641e-13,4.547473508864641e-13,4.547473508864641e-13
ORC-SHADE,20,11,8,4.547473508864641e-13,381.16,3.14,0.0,0.15,0,5.4569682106375694e-12,4.547473508864641e-13,4.547473508864641e-13,4.547473508864641e-13,4.547473508864641e-13
ORC-SHADE,20,11,23,4.547473508864641e-13,335.81,3.08,0.0,0.15,0,3.637978807091713e-12,4.547473508864641e-13,4.547473508864641e-13,4.547473508864641e-13,4.547473508864641e-13
ORC-SHADE,20,11,21,4.547473508864641e-13,344.94,3.11,0.0,0.15,0,2.2737367544323206e-12,4.547473508864641e-13,4.547473508864641e-13,4.547473508864641e-13,4.547473508864641e-13
ORC-SHADE,20,11,13,4.547473508864641e-13,361.42,3.08,0.0,0.15,0,2.2737367544323206e-12,4.547473508864641e-13,4.547473508864641e-13,4.547473508864641e-13,4.547473508864641e-13
ORC-SHADE,20,11,19,4.547473508864641e-13,352.2,3.13,0.0,0.15,0,3.183231456205249e-12,4.547473508864641e-13,4.547473508864641e-13,4.547473508864641e-13,4.547473508864641e-13
NL-SHADE,20,8,0,0.9032367461504691,1557.9,,,,,23.80970443830529,9.96736718422062,2.6293518419920474,1.804599107113063,0.9032367461504691
ORC-SHADE,20,11,26,4.547473508864641e-13,334.07,3.12,0.0,0.15,0,3.183231456205249e-12,4.547473508864641e-13,4.547473508864641e-13,4.547473508864641e-13,4.547473508864641e-13
ORC-SHADE,20,11,27,4.547473508864641e-13,337.51,3.18,0.0,0.15,0,3.637978807091713e-12,4.547473508864641e-13,4.547473508864641e-13,4.547473508864641e-13,4.547473508864641e-13
ORC-SHADE,20,11,25,4.547473508864641e-13,339.51,3.07,0.0,0.15,0,1.8189894035458565e-12,4.547473508864641e-13,4.547473508864641e-13,4.547473508864641e-13,4.547473508864641e-13
ORC-SHADE,20,11,28,4.547473508864641e-13,334.47,3.11,0.0,0.15,0,2.7284841053187847e-12,4.547473508864641e-13,4.547473508864641e-13,4.547473508864641e-13,4.547473508864641e-13
ORC-SHADE,20,11,24,4.547473508864641e-13,349.18,3.03,0.0,0.15,0,1.8189894035458565e-12,4.547473508864641e-13,4.547473508864641e-13,4.547473508864641e-13,4.547473508864641e-13
ORC-SHADE,20,11,22,4.547473508864641e-13,363.68,3.11,0.0,0.15,0,3.183231456205249e-12,4.547473508864641e-13,4.547473508864641e-13,4.547473508864641e-13,4.547473508864641e-13
ORC-SHADE,20,11,29,4.547473508864641e-13,343.98,3.16,0.0,0.15,0,4.092726157978177e-12,4.547473508864641e-13,4.547473508864641e-13,4.547473508864641e-13,4.547473508864641e-13
NL-SHADE,20,8,15,21.019459184401967,1569.82,,,,,26.475694262456273,24.502538816885135,21.021921329868746,21.019459184401967,21.019459184401967
NL-SHADE,20,8,8,1.2629314224282098,1580.21,,,,,26.638301159362072,18.378272972650848,2.138460676237628,1.3574865748341836,1.2629314224282098
ORC-SHADE,20,11,6,4.547473508864641e-13,433.35,3.07,0.0,0.15,0,1.8189894035458565e-12,4.547473508864641e-13,4.547473508864641e-13,4.547473508864641e-13,4.547473508864641e-13
NL-SHADE,20,8,2,20.92588034371829,1597.73,,,,,27.29076536105549,25.03040859665589,20.92829634677446,20.92588034371829,20.92588034371829
ORC-SHADE,20,11,4,4.547473508864641e-13,467.06,2.97,0.0,0.15,0,1.3642420526593924e-12,4.547473508864641e-13,4.547473508864641e-13,4.547473508864641e-13,4.547473508864641e-13
ORC-SHADE,20,12,1,238.28503426513362,360.34,2.58,-0.376,0.15,0,238.28503426513362,238.28503426513362,238.28503426513362,238.28503426513362,238.28503426513362
ORC-SHADE,20,11,20,4.547473508864641e-13,399.67,3.05,0.0,0.15,0,2.2737367544323206e-12,4.547473508864641e-13,4.547473508864641e-13,4.547473508864641e-13,4.547473508864641e-13
NL-SHADE,20,8,18,0.6286485483819888,1604.4,,,,,12.9495335036313,3.946952162411435,1.6022200908519153,0.9708698868753345,0.6286485483819888
NL-SHADE,20,8,1,20.795815445745575,1615.05,,,,,27.02310966021696,23.138274696232656,20.801080080789234,20.795815445745575,20.795815445745575
ORC-SHADE,20,12,3,238.28503426513362,375.08,2.49,0.0,0.15,0,238.28503426513362,238.28503426513362,238.28503426513362,238.28503426513362,238.28503426513362
ORC-SHADE,20,12,9,238.28503426513362,361.99,2.63,-0.0432,0.15,0,238.28503426513407,238.28503426513362,238.28503426513362,238.28503426513362,238.28503426513362
ORC-SHADE,20,12,10,238.28503426513362,368.43,2.65,0.0,0.15,0,238.28503426513362,238.28503426513362,238.28503426513362,238.28503426513362,238.28503426513362
ORC-SHADE,20,11,14,4.547473508864641e-13,447.25,3.1,0.0,0.15,0,3.637978807091713e-12,4.547473508864641e-13,4.547473508864641e-13,4.547473508864641e-13,4.547473508864641e-13
ORC-SHADE,20,12,8,238.4986411462587,375.74,2.88,-0.005,0.15,0,238.4986411462587,238.4986411462587,238.4986411462587,238.4986411462587,238.4986411462587
ORC-SHADE,20,12,7,238.28503426513362,377.02,2.39,0.0,0.15,0,238.28503426513362,238.28503426513362,238.28503426513362,238.28503426513362,238.28503426513362
ORC-SHADE,20,12,5,238.4065005563416,390.17,2.94,-0.8376,0.15,0,238.4065005563425,238.4065005563416,238.4065005563416,238.4065005563416,238.4065005563416
ORC-SHADE,20,12,0,238.28503426513362,410.75,2.95,-0.75,0.15,0,238.2850342651409,238.28503426513362,238.28503426513362,238.28503426513362,238.28503426513362
ORC-SHADE,20,12,2,238.28503426513362,399.83,2.61,0.0,0.15,0,238.28503426513362,238.28503426513362,238.28503426513362,238.28503426513362,238.28503426513362
ORC-SHADE,20,12,16,238.28503426513362,357.85,2.73,0.0,0.15,0,238.28503426513362,238.28503426513362,238.28503426513362,238.28503426513362,238.28503426513362
ORC-SHADE,20,12,13,239.49735553689516,370.28,2.26,-0.2959,0.15,0,239.49735553689516,239.49735553689516,239.49735553689516,239.49735553689516,239.49735553689516
ORC-SHADE,20,12,12,238.28503426513362,383.93,2.56,-0.1737,0.15,0,238.28503426513362,238.28503426513362,238.28503426513362,238.28503426513362,238.28503426513362
ORC-SHADE,20,12,14,239.49735553689516,375.0,2.32,-0.3074,0.15,0,239.49735553689516,239.49735553689516,239.49735553689516,239.49735553689516,239.49735553689516
NL-SHADE,20,8,13,1.7506266593927649,1656.83,,,,,26.67369215059034,22.651052937622808,1.858344937412312,1.7702029129336552,1.7506266593927649
ORC-SHADE,20,12,15,238.28503426513362,380.91,2.58,-0.0728,0.15,0,238.28503426513362,238.28503426513362,238.28503426513362,238.28503426513362,238.28503426513362
ORC-SHADE,20,12,11,238.28503426513362,392.77,2.64,0.0,0.15,0,238.28503426513362,238.28503426513362,238.28503426513362,238.28503426513362,238.28503426513362
ORC-SHADE,20,12,17,238.28503426513362,374.42,2.4,0.0,0.15,0,238.28503426513362,238.28503426513362,238.28503426513362,238.28503426513362,238.28503426513362
ORC-SHADE,20,12,21,238.28503426513362,356.14,2.66,0.0,0.15,0,238.28503426513362,238.28503426513362,238.28503426513362,238.28503426513362,238.28503426513362
NL-SHADE,20,8,7,20.769064384800913,1677.5,,,,,25.988364079999428,22.695974195864437,21.61138190918109,21.027765566306698,20.769064384800913
ORC-SHADE,20,12,23,238.28503426513362,358.07,2.5,0.0,0.15,0,238.28503426513362,238.28503426513362,238.28503426513362,238.28503426513362,238.28503426513362
ORC-SHADE,20,12,25,238.28503426513362,345.85,2.7,0.0,0.15,0,238.28503426513362,238.28503426513362,238.28503426513362,238.28503426513362,238.28503426513362
ORC-SHADE,20,12,19,238.28503426513362,373.35,2.49,0.0,0.15,0,238.28503426513362,238.28503426513362,238.28503426513362,238.28503426513362,238.28503426513362
ORC-SHADE,20,12,20,239.49735553689516,360.86,2.52,0.0,0.15,0,239.49735553689607,239.49735553689516,239.49735553689516,239.49735553689516,239.49735553689516
ORC-SHADE,20,12,22,238.28503426513362,367.24,2.38,0.0,0.15,0,238.28503426513362,238.28503426513362,238.28503426513362,238.28503426513362,238.28503426513362
NL-SHADE,20,8,14,16.739805491532024,1687.95,,,,,25.829333347332522,18.33614524400491,16.74604168430642,16.739805491532024,16.739805491532024
ORC-SHADE,20,12,18,238.93905113198434,383.62,3.52,0.0,0.15,0,238.9390511327033,238.93905113198434,238.93905113198434,238.93905113198434,238.93905113198434
ORC-SHADE,20,12,24,238.28503426513362,370.47,2.54,0.0,0.15,0,238.28503426513362,238.28503426513362,238.28503426513362,238.28503426513362,238.28503426513362
ORC-SHADE,20,12,27,238.28503426513362,348.44,2.62,-0.07,0.15,0,238.28503426513362,238.28503426513362,238.28503426513362,238.28503426513362,238.28503426513362
ORC-SHADE,20,12,4,238.28503426513362,446.33,2.69,0.0,0.15,0,238.28503426513362,238.28503426513362,238.28503426513362,238.28503426513362,238.28503426513362
ORC-SHADE,20,12,6,238.28503426513362,449.57,2.67,-0.7205,0.15,0,238.28503426513362,238.28503426513362,238.28503426513362,238.28503426513362,238.28503426513362
ORC-SHADE,20,12,28,238.28503426513362,360.6,2.72,-0.2541,0.15,0,238.28503426513362,238.28503426513362,238.28503426513362,238.28503426513362,238.28503426513362
ORC-SHADE,20,12,29,238.28503426513362,365.76,2.62,0.0,0.15,0,238.28503426513362,238.28503426513362,238.28503426513362,238.28503426513362,238.28503426513362
ORC-SHADE,20,12,26,239.49735553689516,374.97,2.58,-0.0276,0.15,0,239.49735553689516,239.49735553689516,239.49735553689516,239.49735553689516,239.49735553689516
NL-SHADE,20,8,17,21.19973093823819,1713.78,,,,,26.026397876029932,23.07236110557278,21.422770595778275,21.373300920166002,21.19973093823819
ORC-SHADE,20,7,14,20.350854171893616,1019.62,17.85,0.0,0.15,0,29.933089567770594,23.190971228482795,21.08526436635202,20.512679051780424,20.350854171893616
ORC-SHADE,20,7,0,20.204590826373305,1057.0,15.74,-0.1699,0.15,1,29.337184885454462,22.265427903513682,20.709768101326745,20.297334710257246,20.204590826373305
ORC-SHADE,20,7,9,20.362453501675418,1045.38,16.82,-0.0553,0.15,1,27.8038788839458,22.29727141946387,20.834892534679057,20.45461051871348,20.362453501675418
ORC-SHADE,20,7,4,20.6574056528018,1081.32,18.5,-0.4215,0.15,1,28.04101525199303,23.56277490653406,21.592493853488577,20.857806544245705,20.6574056528018
ORC-SHADE,20,7,21,20.34094732739709,1046.95,19.0,0.0,0.15,0,28.908776097010104,22.310892696643577,20.899313960099107,20.392519484652894,20.34094732739709
ORC-SHADE,20,7,28,20.810711332036817,1038.65,17.68,0.0,0.15,0,28.230404837947844,21.33416619919808,20.967952914049192,20.88712757475878,20.810711332036817
ORC-SHADE,20,7,25,20.60690420118749,1045.73,17.68,-0.25,0.15,1,28.828498008681436,22.823665758630113,21.3607710005856,20.67709764127312,20.60690420118749
ORC-SHADE,20,7,6,20.406954455837877,1098.92,17.04,-0.0712,0.15,1,28.17261188655175,21.807489772018243,20.77440012893112,20.735154653387326,20.406954455837877
ORC-SHADE,20,7,26,20.377831026775084,1057.59,20.31,-0.6214,0.15,3,30.89838306985348,22.40142346593916,20.97871741265203,20.447024108953656,20.377831026775084
ORC-SHADE,20,7,18,20.802015054801586,1078.2,18.54,-0.25,0.15,1,29.03680617675286,22.082408203136993,20.964022540119686,20.89300614852823,20.802015054801586
ORC-SHADE,20,7,19,20.215625833697004,1083.36,14.43,0.0,0.15,0,27.02754624076556,22.584724802289884,20.54386221631603,20.266226287861627,20.215625833697004
ORC-SHADE,20,7,13,20.865766848925432,1103.83,17.76,-0.25,0.15,0,32.22444471613994,24.621381780149477,22.199465000757527,21.384362383046437,20.865766848925432
ORC-SHADE,20,7,24,20.237775811233405,1084.87,17.29,0.0,0.15,0,28.300365061758384,22.71431229449945,21.23995335505947,20.51661647612741,20.237775811233405
ORC-SHADE,20,7,3,20.351068924813717,1161.79,17.21,-0.25,0.15,1,29.070263365704477,22.107417005715206,20.994336729718043,20.48453782224351,20.351068924813717
ORC-SHADE,20,7,12,20.247133759793087,1154.98,18.41,-0.4841,0.15,2,28.852172844519373,21.986662958865736,20.604528902469156,20.37298814889209,20.247133759793087
ORC-SHADE,20,7,23,20.486279111891918,1123.3,18.06,-0.1954,0.15,1,28.535234708009057,22.319694742245247,20.92878046761507,20.588530386496814,20.486279111891918
ORC-SHADE,20,7,22,20.241687497008797,1137.2,17.4,0.0,0.15,0,27.429997546109462,21.543086456473702,20.939572396373933,20.459465629545775,20.241687497008797
ORC-SHADE,20,7,20,20.425401897875645,1172.06,18.4,0.0,0.15,0,27.095208907244796,22.393188868005154,20.861421220897,20.680706698506356,20.425401897875645
ORC-SHADE,20,7,11,20.363374295028052,1194.32,18.15,-0.25,0.15,0,25.683759531761098,21.827914468545487,20.948328618334926,20.440978827408117,20.363374295028052
ORC-SHADE,20,7,1,20.552649962387477,1228.7,16.53,-0.25,0.15,0,34.00697514134799,23.316571915396707,21.098840603381632,20.610210895873024,20.552649962387477
ORC-SHADE,20,7,10,20.123192728415006,1216.62,15.41,0.0,0.15,0,28.34841727692242,22.26556749751603,20.315031385129714,20.153055304823965,20.123192728415006
ORC-SHADE,20,7,29,20.25301403149956,1195.32,18.29,-0.0055,0.15,1,26.11805265205271,22.03723182947897,20.593330433924166,20.410734968854513,20.25301403149956
ORC-SHADE,20,7,5,20.648440943199603,1246.76,16.79,-0.25,0.15,0,31.504647856162137,23.008111049182162,21.15508173898911,20.71096476681828,20.648440943199603
ORC-SHADE,20,7,27,20.660505585256715,1214.34,17.25,0.0,0.15,0,33.466222584859,23.003414137201617,21.359644524868372,20.902471655648696,20.660505585256715
ORC-SHADE,20,7,17,20.367865440704463,1248.38,17.69,0.0,0.15,0,28.273087637065146,22.982911541198746,21.372243116815298,20.81165521844696,20.367865440704463
ORC-SHADE,20,7,15,20.387851550144205,1260.34,17.31,-0.25,0.15,1,31.807677395909877,23.26125673684487,20.953908912561246,20.530977670416405,20.387851550144205
ORC-SHADE,20,7,2,20.439939982896476,1288.26,16.13,-0.25,0.15,1,28.360047229982683,22.304267061947485,20.88776635835734,20.508313326284906,20.439939982896476
ORC-SHADE,20,7,8,20.44694404753841,1292.85,16.27,-0.2862,0.15,2,27.53859539417317,22.22275152311545,21.08098831830557,20.798296258283244,20.44694404753841
ORC-SHADE,20,7,7,20.380684769980917,1343.91,16.37,-0.25,0.15,0,27.086490774643607,21.453240702340736,20.79636399308356,20.42354748754701,20.380684769980917
ORC-SHADE,20,7,16,20.42488043198159,1338.78,17.24,-0.0072,0.15,1,33.06585622383159,22.09818741640038,21.364571331086154,20.658793991053244,20.42488043198159
ORC-SHADE,20,8,0,0.7866414633399472,1343.11,26.01,-0.2031,0.15,1,12.34928583962619,3.3774019358174883,1.6009610307878575,1.3532810550364047,0.7866414633399472
ORC-SHADE,20,8,1,20.300862737015905,1342.07,34.59,-0.25,0.15,1,27.160479316651617,24.33265519512861,20.425527774822058,20.308480957020492,20.300862737015905
ORC-SHADE,20,8,7,1.7638612350197036,1278.71,20.58,-0.1806,0.15,0,21.237790764800593,8.438975024696902,6.004442368133368,3.5150761914137547,1.7638612350197036
ORC-SHADE,20,8,13,0.9969950034869726,1290.51,36.86,0.0,0.15,0,14.276320791823764,6.814372674466995,1.2218972835053137,1.0519350943723111,0.9969950034869726
ORC-SHADE,20,8,18,1.1138323266391126,1289.26,22.66,-0.3409,0.15,2,11.257810809515377,6.392573921771145,1.458586629914862,1.2137496899031248,1.1138323266391126
ORC-SHADE,20,8,8,20.99545240589441,1323.64,17.94,0.0,0.15,0,25.70981775700193,23.55849131142122,22.00769068689806,21.191471023110807,20.99545240589441
ORC-SHADE,20,8,4,20.74045015464435,1363.76,36.48,0.0,0.15,0,25.89176233602211,23.26801202654906,20.950342245030697,20.794760771093024,20.74045015464435
ORC-SHADE,20,8,15,20.67141868239605,1308.75,16.68,-0.25,0.15,1,26.43836035691629,23.32414890216478,21.61092074997032,20.763479765444117,20.67141868239605
ORC-SHADE,20,8,23,20.72384045069839,1287.95,46.7,-0.75,0.15,2,26.229051104841346,24.530331396853853,20.81244135153065,20.746770721416397,20.72384045069839
ORC-SHADE,20,8,16,20.985868451866736,1311.54,45.58,-0.25,0.15,1,25.842288711393394,25.57776699367514,21.085885455039715,21.006882559268888,20.985868451866736
ORC-SHADE,20,8,28,20.62297636676658,1279.4,47.15,-0.4217,0.15,2,25.86873299985018,24.91047545121637,20.790542807978454,20.633800439713468,20.62297636676658
ORC-SHADE,20,8,19,0.8044089473110034,1309.22,22.6,-0.3761,0.15,1,17.62626461370928,7.82936612914591,1.2765600225216076,1.0924951752672314,0.8044089473110034
ORC-SHADE,20,8,2,20.882251413043377,1392.68,16.87,-0.2303,0.15,0,26.968772174819605,22.68326208955841,21.34256312245634,20.949028699054452,20.882251413043377
ORC-SHADE,20,8,5,20.895582395049587,1384.04,47.01,-0.25,0.15,1,26.203082351306875,24.22899531606754,20.994980804352963,20.896715384185427,20.895582395049587
ORC-SHADE,20,8,27,20.886122613399948,1295.57,17.07,0.0,0.15,0,26.292546491174107,23.622646880008688,21.260492547425656,21.11247451471354,20.886122613399948
ORC-SHADE,20,8,25,20.90615026932528,1311.09,38.96,-0.2759,0.15,1,26.210076013560865,23.408342272201025,20.988734249541267,20.97222457497628,20.90615026932528
ORC-SHADE,20,8,14,0.5685484451591947,1356.32,35.29,-0.25,0.15,1,22.641130712795075,7.9035174360319616,0.6244730557468756,0.5839427350388178,0.5685484451591947
ORC-SHADE,20,8,29,21.02194335450895,1334.54,17.29,-0.5,0.15,1,27.080203200508095,22.320229830612334,21.226591886489132,21.125938029860208,21.02194335450895
ORC-SHADE,20,8,21,0.5855045086259452,1361.01,44.4,-0.6463,0.15,2,17.252734323875302,6.419448211108374,0.6596155917195574,0.5858767976810668,0.5855045086259452
ORC-SHADE,20,8,10,1.22049028115498,1414.76,24.49,-0.3114,0.15,2,21.871294397141355,11.528145616291567,2.108288684573381,1.347645893551089,1.22049028115498
ORC-SHADE,20,8,26,1.2162048962904919,1381.85,24.27,-0.1238,0.15,0,20.379043627764077,8.4156780139906,2.8469222322855785,1.4085928060148944,1.2162048962904919
ORC-SHADE,20,8,17,20.377479571205185,1413.49,47.01,-0.5,0.15,1,25.773699302654677,23.944464673385028,20.48998483886362,20.47235824257723,20.377479571205185
ORC-SHADE,20,8,24,2.975952164856608,1411.93,15.89,-0.25,0.15,1,26.870738727608114,17.794475693843196,5.396520272804992,4.200590147002913,2.975952164856608
ORC-SHADE,20,8,9,1.2730196591496679,1449.34,23.76,-0.5,0.15,0,24.001429885178368,12.258479183559757,3.0065515441806383,1.7366155867744055,1.2730196591496679
ORC-SHADE,20,8,11,20.421082889750323,1456.53,47.02,-0.5,0.15,2,25.533434738119013,24.464577767788796,20.751598670986823,20.428493669604904,20.421082889750323
ORC-SHADE,20,8,20,0.5244022805045461,1439.82,46.05,-0.3504,0.15,1,9.939904759943147,5.307806362134215,0.5536837175209257,0.5244154525694285,0.5244022805045461
ORC-SHADE,20,8,12,0.8584235098660429,1462.08,24.61,-0.25,0.15,0,13.229516805016829,4.180169241168642,1.7324355746472975,1.134627408376673,0.8584235098660429
ORC-SHADE,20,8,6,20.98112735260156,1490.81,16.8,0.0,0.15,0,26.989323947840603,24.086912948409008,21.237417517791528,21.026331265557474,20.98112735260156
ORC-SHADE,20,8,22,20.86973117256548,1457.02,36.88,-0.25,0.15,1,26.75262715861936,23.919102327428845,20.944234271714322,20.915430191268115,20.86973117256548
ORC-SHADE,20,8,3,0.9638806447005663,1542.37,23.13,-0.75,0.15,1,15.977035430282285,6.572348104386947,2.2523034867399474,1.1418985359418912,0.9638806447005663
